Pressure_hPa,Rh,Rain_mm,Latitude,Longitude,Radiance,Duration,Target
973.9708783340639,68.08579930466668,3.525456941889576,23.758,85.981,600708.0,160.0,1
973.9708783340639,68.08579930466668,3.525456941889576,23.705,85.956,537602.0,273.0,1
973.9708783340639,68.08579930466668,3.525456941889576,23.779,85.771,265979.0,112.0,1
973.9708783340639,68.08579930466668,3.525456941889576,23.846,85.911,964771.0,284.0,1
973.9708783340639,68.08579930466668,3.525456941889576,23.839,85.904,55924.0,168.0,1
973.9708783340639,68.08579930466668,3.525456941889576,23.895,85.979,186949.0,261.0,1
973.9708783340639,68.08579930466668,3.525456941889576,23.83,86.06,182548.0,189.0,1
973.9708783340639,68.08579930466668,3.525456941889576,23.83,86.06,182548.0,189.0,0
973.9708783340639,68.08579930466668,3.525456941889576,23.83,86.06,182548.0,189.0,0
973.9708783340639,68.08579930466668,3.525456941889576,23.83,86.06,182548.0,189.0,0
973.9708783340639,68.08579930466668,3.525456941889576,23.83,86.06,182548.0,189.0,0
973.9708783340639,68.08579930466668,3.525456941889576,23.83,86.06,182548.0,189.0,0
973.9708783340639,68.08579930466668,3.525456941889576,23.83,86.06,182548.0,189.0,0
973.9708783340639,68.08579930466668,3.525456941889576,23.83,86.06,182548.0,189.0,0
973.9708783340639,68.08579930466668,3.525456941889576,23.83,86.06,182548.0,189.0,0
973.9708783340639,68.08579930466668,3.525456941889576,23.83,86.06,182548.0,189.0,0
973.9708783340639,68.08579930466668,3.525456941889576,23.83,86.06,182548.0,189.0,0
973.9708783340639,68.08579930466668,3.525456941889576,23.83,86.06,182548.0,189.0,0
973.9708783340639,68.08579930466668,3.525456941889576,23.83,86.06,182548.0,189.0,0
973.9708783340639,68.08579930466668,3.525456941889576,23.83,86.06,182548.0,189.0,0
973.9708783340639,68.08579930466668,3.525456941889576,23.83,86.06,182548.0,189.0,0
973.9708783340639,68.08579930466668,3.525456941889576,23.83,86.06,182548.0,189.0,0
973.9708783340639,68.08579930466668,3.525456941889576,23.83,86.06,182548.0,189.0,0
973.9708783340639,68.08579930466668,3.525456941889576,23.83,86.06,182548.0,189.0,0
973.9708783340639,68.08579930466668,3.525456941889576,23.83,86.06,182548.0,189.0,0
973.9708783340639,68.08579930466668,3.525456941889576,23.83,86.06,182548.0,189.0,0
973.9708783340639,68.08579930466668,3.525456941889576,23.83,86.06,182548.0,189.0,0
973.9708783340639,68.08579930466668,3.525456941889576,23.83,86.06,182548.0,189.0,0
973.9708783340639,68.08579930466668,3.525456941889576,23.83,86.06,182548.0,189.0,0
973.9708783340639,68.08579930466668,3.525456941889576,23.83,86.06,182548.0,189.0,0
973.9708783340639,68.08579930466668,3.525456941889576,23.83,86.06,182548.0,189.0,0
973.9708783340639,68.08579930466668,3.525456941889576,23.83,86.06,182548.0,189.0,0
973.9708783340639,68.08579930466668,3.525456941889576,23.83,86.06,182548.0,189.0,0
973.9708783340639,68.08579930466668,3.525456941889576,23.83,86.06,182548.0,189.0,0
973.9708783340639,68.08579930466668,3.525456941889576,23.83,86.06,182548.0,189.0,0
973.9708783340639,68.08579930466668,3.525456941889576,23.83,86.06,182548.0,189.0,0
973.9708783340639,68.08579930466668,3.525456941889576,23.605,85.963,94349.0,254.0,1
973.9708783340639,68.08579930466668,3.525456941889576,23.895,85.877,110543.0,1.0,1
973.9708783340639,68.08579930466668,3.525456941889576,23.575,85.928,401060.0,130.0,1
973.9708783340639,68.08579930466668,3.525456941889576,23.488,85.983,148735.0,96.0,1
973.9708783340639,68.08579930466668,3.525456941889576,23.488,85.983,148735.0,96.0,0
973.9708783340639,68.08579930466668,3.525456941889576,23.488,85.983,148735.0,96.0,0
973.9708783340639,68.08579930466668,3.525456941889576,23.488,85.983,148735.0,96.0,0
973.9708783340639,68.08579930466668,3.525456941889576,23.488,85.983,148735.0,96.0,0
973.9708783340639,68.08579930466668,3.525456941889576,23.488,85.983,148735.0,96.0,0
973.9708783340639,68.08579930466668,3.525456941889576,23.488,85.983,148735.0,96.0,0
973.9708783340639,68.08579930466668,3.525456941889576,23.488,85.983,148735.0,96.0,0
973.9708783340639,68.08579930466668,3.525456941889576,23.488,85.983,148735.0,96.0,0
973.9708783340639,68.08579930466668,3.525456941889576,23.488,85.983,148735.0,96.0,0
973.9708783340639,68.08579930466668,3.525456941889576,23.488,85.983,148735.0,96.0,0
973.9708783340639,68.08579930466668,3.525456941889576,23.488,85.983,148735.0,96.0,0
973.9708783340639,68.08579930466668,3.525456941889576,23.488,85.983,148735.0,96.0,0
973.9708783340639,68.08579930466668,3.525456941889576,23.488,85.983,148735.0,96.0,0
973.9708783340639,68.08579930466668,3.525456941889576,23.488,85.983,148735.0,96.0,0
973.9708783340639,68.08579930466668,3.525456941889576,23.488,85.983,148735.0,96.0,0
973.9708783340639,68.08579930466668,3.525456941889576,23.488,85.983,148735.0,96.0,0
973.9708783340639,68.08579930466668,3.525456941889576,23.488,85.983,148735.0,96.0,0
973.9708783340639,68.08579930466668,3.525456941889576,23.488,85.983,148735.0,96.0,0
973.9708783340639,68.08579930466668,3.525456941889576,23.488,85.983,148735.0,96.0,0
973.9708783340639,68.08579930466668,3.525456941889576,23.488,85.983,148735.0,96.0,0
973.9708783340639,68.08579930466668,3.525456941889576,23.488,85.983,148735.0,96.0,0
973.9708783340639,68.08579930466668,3.525456941889576,23.488,85.983,148735.0,96.0,0
973.9708783340639,68.08579930466668,3.525456941889576,23.488,85.983,148735.0,96.0,0
973.9708783340639,68.08579930466668,3.525456941889576,23.488,85.983,148735.0,96.0,0
973.9708783340639,68.08579930466668,3.525456941889576,23.826,85.969,1120416.0,567.0,1
973.9708783340639,68.08579930466668,3.525456941889576,23.495,86.028,595017.0,152.0,1
973.9708783340639,68.08579930466668,3.525456941889576,23.599,86.118,71737.0,64.0,1
973.9708783340639,68.08579930466668,3.525456941889576,23.609,86.117,237288.0,195.0,1
973.9708783340639,68.08579930466668,3.525456941889576,23.494,86.031,459926.0,125.0,1
973.9708783340639,68.08579930466668,3.525456941889576,23.595,86.127,1154438.0,256.0,1
973.9708783340639,68.08579930466668,3.525456941889576,23.491,86.02,589473.0,62.0,1
973.9708783340639,68.08579930466668,3.525456941889576,23.586,86.091,275931.0,399.0,1
973.9708783340639,68.08579930466668,3.525456941889576,23.489,86.013,141960.0,75.0,1
973.9708783340639,68.08579930466668,3.525456941889576,23.588,86.099,382231.0,320.0,1
973.9708783340639,68.08579930466668,3.525456941889576,23.506,86.002,13924.0,0.0,1
973.9708783340639,68.08579930466668,3.525456941889576,23.541,85.973,5043754.0,1107.0,1
973.9708783340639,68.08579930466668,3.525456941889576,23.554,85.941,1405929.0,0.0,1
973.9708783340639,68.08579930466668,3.525456941889576,23.544,85.964,530732.0,3.0,1
973.9708783340639,68.08579930466668,3.525456941889576,23.544,85.964,530732.0,3.0,0
973.9708783340639,68.08579930466668,3.525456941889576,23.544,85.964,530732.0,3.0,0
973.9708783340639,68.08579930466668,3.525456941889576,23.544,85.964,530732.0,3.0,0
973.9708783340639,68.08579930466668,3.525456941889576,23.544,85.964,530732.0,3.0,0
973.9708783340639,68.08579930466668,3.525456941889576,23.544,85.964,530732.0,3.0,0
973.9708783340639,68.08579930466668,3.525456941889576,23.544,85.964,530732.0,3.0,0
973.9708783340639,68.08579930466668,3.525456941889576,23.544,85.964,530732.0,3.0,0
973.9708783340639,68.08579930466668,3.525456941889576,23.544,85.964,530732.0,3.0,0
973.9708783340639,68.08579930466668,3.525456941889576,23.544,85.964,530732.0,3.0,0
973.9708783340639,68.08579930466668,3.525456941889576,23.544,85.964,530732.0,3.0,0
973.9708783340639,68.08579930466668,3.525456941889576,23.544,85.964,530732.0,3.0,0
973.9708783340639,68.08579930466668,3.525456941889576,23.544,85.964,530732.0,3.0,0
973.9708783340639,68.08579930466668,3.525456941889576,23.544,85.964,530732.0,3.0,0
973.9708783340639,68.08579930466668,3.525456941889576,23.544,85.964,530732.0,3.0,0
973.9708783340639,68.08579930466668,3.525456941889576,23.544,85.964,530732.0,3.0,0
973.9708783340639,68.08579930466668,3.525456941889576,23.544,85.964,530732.0,3.0,0
973.9708783340639,68.08579930466668,3.525456941889576,23.544,85.964,530732.0,3.0,0
973.9708783340639,68.08579930466668,3.525456941889576,23.544,85.964,530732.0,3.0,0
973.9708783340639,68.08579930466668,3.525456941889576,23.544,85.964,530732.0,3.0,0
973.9708783340639,68.08579930466668,3.525456941889576,23.544,85.964,530732.0,3.0,0
973.9708783340639,68.08579930466668,3.525456941889576,23.544,85.964,530732.0,3.0,0
973.9708783340639,68.08579930466668,3.525456941889576,23.544,85.964,530732.0,3.0,0
973.9708783340639,68.08579930466668,3.525456941889576,23.544,85.964,530732.0,3.0,0
973.9708783340639,68.08579930466668,3.525456941889576,23.544,85.964,530732.0,3.0,0
973.9708783340639,68.08579930466668,3.525456941889576,23.544,85.964,530732.0,3.0,0
973.9708783340639,68.08579930466668,3.525456941889576,23.544,85.964,530732.0,3.0,0
973.9708783340639,68.08579930466668,3.525456941889576,23.544,85.964,530732.0,3.0,0
973.9708783340639,68.08579930466668,3.525456941889576,23.544,85.964,530732.0,3.0,0
973.9708783340639,68.08579930466668,3.525456941889576,23.544,85.964,530732.0,3.0,0
973.9708783340639,68.08579930466668,3.525456941889576,23.544,85.964,530732.0,3.0,0
973.9708783340639,68.08579930466668,3.525456941889576,23.544,85.964,530732.0,3.0,0
973.9708783340639,68.08579930466668,3.525456941889576,23.544,85.964,530732.0,3.0,0
973.9708783340639,68.08579930466668,3.525456941889576,23.544,85.964,530732.0,3.0,0
973.9708783340639,68.08579930466668,3.525456941889576,23.544,85.964,530732.0,3.0,0
973.9708783340639,68.08579930466668,3.525456941889576,23.544,85.964,530732.0,3.0,0
973.9708783340639,68.08579930466668,3.525456941889576,23.544,85.964,530732.0,3.0,0
973.9708783340639,68.08579930466668,3.525456941889576,23.544,85.964,530732.0,3.0,0
973.9708783340639,68.08579930466668,3.525456941889576,23.544,85.964,530732.0,3.0,0
973.9708783340639,68.08579930466668,3.525456941889576,23.544,85.964,530732.0,3.0,0
973.9708783340639,68.08579930466668,3.525456941889576,23.544,85.964,530732.0,3.0,0
973.9708783340639,68.08579930466668,3.525456941889576,23.544,85.964,530732.0,3.0,0
973.9708783340639,68.08579930466668,3.525456941889576,23.544,85.964,530732.0,3.0,0
973.9708783340639,68.08579930466668,3.525456941889576,23.544,85.964,530732.0,3.0,0
973.9708783340639,68.08579930466668,3.525456941889576,23.544,85.964,530732.0,3.0,0
973.9708783340639,68.08579930466668,3.525456941889576,23.544,85.964,530732.0,3.0,0
973.9708783340639,68.08579930466668,3.525456941889576,23.544,85.964,530732.0,3.0,0
973.9708783340639,68.08579930466668,3.525456941889576,23.544,85.964,530732.0,3.0,0
973.9708783340639,68.08579930466668,3.525456941889576,23.544,85.964,530732.0,3.0,0
973.9708783340639,68.08579930466668,3.525456941889576,23.544,85.964,530732.0,3.0,0
973.9708783340639,68.08579930466668,3.525456941889576,23.544,85.964,530732.0,3.0,0
973.9708783340639,68.08579930466668,3.525456941889576,23.544,85.964,530732.0,3.0,0
973.9708783340639,68.08579930466668,3.525456941889576,23.544,85.964,530732.0,3.0,0
973.9708783340639,68.08579930466668,3.525456941889576,23.544,85.964,530732.0,3.0,0
973.9708783340639,68.08579930466668,3.525456941889576,23.544,85.964,530732.0,3.0,0
973.9708783340639,68.08579930466668,3.525456941889576,23.544,85.964,530732.0,3.0,0
973.9708783340639,68.08579930466668,3.525456941889576,23.544,85.964,530732.0,3.0,0
973.9708783340639,68.08579930466668,3.525456941889576,23.544,85.964,530732.0,3.0,0
973.9708783340639,68.08579930466668,3.525456941889576,23.544,85.964,530732.0,3.0,0
973.9708783340639,68.08579930466668,3.525456941889576,23.544,85.964,530732.0,3.0,0
973.9708783340639,68.08579930466668,3.525456941889576,23.544,85.964,530732.0,3.0,0
973.9708783340639,68.08579930466668,3.525456941889576,23.544,85.964,530732.0,3.0,0
973.9708783340639,68.08579930466668,3.525456941889576,23.544,85.964,530732.0,3.0,0
973.9708783340639,68.08579930466668,3.525456941889576,23.544,85.964,530732.0,3.0,0
973.9708783340639,68.08579930466668,3.525456941889576,23.544,85.964,530732.0,3.0,0
973.9708783340639,68.08579930466668,3.525456941889576,23.544,85.964,530732.0,3.0,0
973.9708783340639,68.08579930466668,3.525456941889576,23.544,85.964,530732.0,3.0,0
973.9708783340639,68.08579930466668,3.525456941889576,23.544,85.964,530732.0,3.0,0
973.9708783340639,68.08579930466668,3.525456941889576,23.544,85.964,530732.0,3.0,0
973.9708783340639,68.08579930466668,3.525456941889576,23.544,85.964,530732.0,3.0,0
973.9708783340639,68.08579930466668,3.525456941889576,23.544,85.964,530732.0,3.0,0
973.9708783340639,68.08579930466668,3.525456941889576,23.544,85.964,530732.0,3.0,0
973.9708783340639,68.08579930466668,3.525456941889576,23.544,85.964,530732.0,3.0,0
973.9708783340639,68.08579930466668,3.525456941889576,23.544,85.964,530732.0,3.0,0
973.9708783340639,68.08579930466668,3.525456941889576,23.544,85.964,530732.0,3.0,0
973.9708783340639,68.08579930466668,3.525456941889576,23.544,85.964,530732.0,3.0,0
973.9708783340639,68.08579930466668,3.525456941889576,23.544,85.964,530732.0,3.0,0
973.9708783340639,68.08579930466668,3.525456941889576,23.544,85.964,530732.0,3.0,0
973.9708783340639,68.08579930466668,3.525456941889576,23.544,85.964,530732.0,3.0,0
973.9708783340639,68.08579930466668,3.525456941889576,23.544,85.964,530732.0,3.0,0
973.9708783340639,68.08579930466668,3.525456941889576,23.544,85.964,530732.0,3.0,0
973.9708783340639,68.08579930466668,3.525456941889576,23.544,85.964,530732.0,3.0,0
973.9708783340639,68.08579930466668,3.525456941889576,23.544,85.964,530732.0,3.0,0
973.9708783340639,68.08579930466668,3.525456941889576,23.544,85.964,530732.0,3.0,0
973.9708783340639,68.08579930466668,3.525456941889576,23.544,85.964,530732.0,3.0,0
973.9708783340639,68.08579930466668,3.525456941889576,23.544,85.964,530732.0,3.0,0
973.9708783340639,68.08579930466668,3.525456941889576,23.544,85.964,530732.0,3.0,0
973.9708783340639,68.08579930466668,3.525456941889576,23.544,85.964,530732.0,3.0,0
973.9708783340639,68.08579930466668,3.525456941889576,23.544,85.964,530732.0,3.0,0
973.9708783340639,68.08579930466668,3.525456941889576,23.544,85.964,530732.0,3.0,0
973.9708783340639,68.08579930466668,3.525456941889576,23.544,85.964,530732.0,3.0,0
973.9708783340639,68.08579930466668,3.525456941889576,23.544,85.964,530732.0,3.0,0
973.9708783340639,68.08579930466668,3.525456941889576,23.544,85.964,530732.0,3.0,0
973.9708783340639,68.08579930466668,3.525456941889576,23.544,85.964,530732.0,3.0,0
973.9708783340639,68.08579930466668,3.525456941889576,23.544,85.964,530732.0,3.0,0
973.9708783340639,68.08579930466668,3.525456941889576,23.544,85.964,530732.0,3.0,0
973.9708783340639,68.08579930466668,3.525456941889576,23.544,85.964,530732.0,3.0,0
973.9708783340639,68.08579930466668,3.525456941889576,23.544,85.964,530732.0,3.0,0
973.9708783340639,68.08579930466668,3.525456941889576,23.544,85.964,530732.0,3.0,0
973.9708783340639,68.08579930466668,3.525456941889576,23.544,85.964,530732.0,3.0,0
973.9708783340639,68.08579930466668,3.525456941889576,23.544,85.964,530732.0,3.0,0
973.9708783340639,68.08579930466668,3.525456941889576,23.544,85.964,530732.0,3.0,0
973.9708783340639,68.08579930466668,3.525456941889576,23.544,85.964,530732.0,3.0,0
973.9708783340639,68.08579930466668,3.525456941889576,23.544,85.964,530732.0,3.0,0
973.9708783340639,68.08579930466668,3.525456941889576,23.544,85.964,530732.0,3.0,0
973.9708783340639,68.08579930466668,3.525456941889576,23.544,85.964,530732.0,3.0,0
973.9708783340639,68.08579930466668,3.525456941889576,23.544,85.964,530732.0,3.0,0
973.9708783340639,68.08579930466668,3.525456941889576,23.544,85.964,530732.0,3.0,0
973.9708783340639,68.08579930466668,3.525456941889576,23.544,85.964,530732.0,3.0,0
973.9708783340639,68.08579930466668,3.525456941889576,23.544,85.964,530732.0,3.0,0
973.9708783340639,68.08579930466668,3.525456941889576,23.544,85.964,530732.0,3.0,0
973.9708783340639,68.08579930466668,3.525456941889576,23.544,85.964,530732.0,3.0,0
973.9708783340639,68.08579930466668,3.525456941889576,23.544,85.964,530732.0,3.0,0
973.9708783340639,68.08579930466668,3.525456941889576,23.544,85.964,530732.0,3.0,0
973.9708783340639,68.08579930466668,3.525456941889576,23.544,85.964,530732.0,3.0,0
973.9708783340639,68.08579930466668,3.525456941889576,23.544,85.964,530732.0,3.0,0
973.9708783340639,68.08579930466668,3.525456941889576,23.544,85.964,530732.0,3.0,0
973.9708783340639,68.08579930466668,3.525456941889576,23.544,85.964,530732.0,3.0,0
973.9708783340639,68.08579930466668,3.525456941889576,23.544,85.964,530732.0,3.0,0
973.9708783340639,68.08579930466668,3.525456941889576,23.544,85.964,530732.0,3.0,0
973.9708783340639,68.08579930466668,3.525456941889576,23.544,85.964,530732.0,3.0,0
973.9708783340639,68.08579930466668,3.525456941889576,23.544,85.964,530732.0,3.0,0
973.9708783340639,68.08579930466668,3.525456941889576,23.544,85.964,530732.0,3.0,0
973.9708783340639,68.08579930466668,3.525456941889576,23.544,85.964,530732.0,3.0,0
973.9708783340639,68.08579930466668,3.525456941889576,23.544,85.964,530732.0,3.0,0
973.9708783340639,68.08579930466668,3.525456941889576,23.544,85.964,530732.0,3.0,0
973.9708783340639,68.08579930466668,3.525456941889576,23.544,85.964,530732.0,3.0,0
973.9708783340639,68.08579930466668,3.525456941889576,23.544,85.964,530732.0,3.0,0
973.9708783340639,68.08579930466668,3.525456941889576,23.544,85.964,530732.0,3.0,0
973.9708783340639,68.08579930466668,3.525456941889576,23.544,85.964,530732.0,3.0,0
973.9708783340639,68.08579930466668,3.525456941889576,23.544,85.964,530732.0,3.0,0
973.9708783340639,68.08579930466668,3.525456941889576,23.544,85.964,530732.0,3.0,0
973.9708783340639,68.08579930466668,3.525456941889576,23.544,85.964,530732.0,3.0,0
973.9708783340639,68.08579930466668,3.525456941889576,23.544,85.964,530732.0,3.0,0
973.9708783340639,68.08579930466668,3.525456941889576,23.544,85.964,530732.0,3.0,0
973.9708783340639,68.08579930466668,3.525456941889576,23.544,85.964,530732.0,3.0,0
973.9708783340639,68.08579930466668,3.525456941889576,23.544,85.964,530732.0,3.0,0
973.9708783340639,68.08579930466668,3.525456941889576,23.544,85.964,530732.0,3.0,0
973.9708783340639,68.08579930466668,3.525456941889576,23.544,85.964,530732.0,3.0,0
973.9708783340639,68.08579930466668,3.525456941889576,23.544,85.964,530732.0,3.0,0
973.9708783340639,68.08579930466668,3.525456941889576,23.544,85.964,530732.0,3.0,0
973.9708783340639,68.08579930466668,3.525456941889576,23.544,85.964,530732.0,3.0,0
973.9708783340639,68.08579930466668,3.525456941889576,23.544,85.964,530732.0,3.0,0
973.9708783340639,68.08579930466668,3.525456941889576,23.544,85.964,530732.0,3.0,0
973.9708783340639,68.08579930466668,3.525456941889576,23.544,85.964,530732.0,3.0,0
973.9708783340639,68.08579930466668,3.525456941889576,23.544,85.964,530732.0,3.0,0
973.9708783340639,68.08579930466668,3.525456941889576,23.544,85.964,530732.0,3.0,0
973.9708783340639,68.08579930466668,3.525456941889576,23.544,85.964,530732.0,3.0,0
973.9708783340639,68.08579930466668,3.525456941889576,23.544,85.964,530732.0,3.0,0
973.9708783340639,68.08579930466668,3.525456941889576,23.544,85.964,530732.0,3.0,0
973.9708783340639,68.08579930466668,3.525456941889576,23.544,85.964,530732.0,3.0,0
973.9708783340639,68.08579930466668,3.525456941889576,23.544,85.964,530732.0,3.0,0
973.9708783340639,68.08579930466668,3.525456941889576,23.544,85.964,530732.0,3.0,0
973.9708783340639,68.08579930466668,3.525456941889576,23.544,85.964,530732.0,3.0,0
973.9708783340639,68.08579930466668,3.525456941889576,23.544,85.964,530732.0,3.0,0
973.9708783340639,68.08579930466668,3.525456941889576,23.544,85.964,530732.0,3.0,0
973.9708783340639,68.08579930466668,3.525456941889576,23.544,85.964,530732.0,3.0,0
973.9708783340639,68.08579930466668,3.525456941889576,23.544,85.964,530732.0,3.0,0
973.9708783340639,68.08579930466668,3.525456941889576,23.544,85.964,530732.0,3.0,0
973.9708783340639,68.08579930466668,3.525456941889576,23.544,85.964,530732.0,3.0,0
973.9708783340639,68.08579930466668,3.525456941889576,23.544,85.964,530732.0,3.0,0
973.9708783340639,68.08579930466668,3.525456941889576,23.544,85.964,530732.0,3.0,0
973.9708783340639,68.08579930466668,3.525456941889576,23.544,85.964,530732.0,3.0,0
973.9708783340639,68.08579930466668,3.525456941889576,23.544,85.964,530732.0,3.0,0
973.9708783340639,68.08579930466668,3.525456941889576,23.544,85.964,530732.0,3.0,0
973.9708783340639,68.08579930466668,3.525456941889576,23.699,85.905,194052.0,421.0,1
973.9708783340639,68.08579930466668,3.525456941889576,23.586,85.912,1975441.0,499.0,1
973.9708783340639,68.08579930466668,3.525456941889576,23.691,86.125,580552.0,373.0,1
973.9708783340639,68.08579930466668,3.525456941889576,23.674,86.085,269679.0,229.0,1
973.9708783340639,68.08579930466668,3.525456941889576,23.59,85.892,9342.0,8.0,1
973.9708783340639,68.08579930466668,3.525456941889576,23.754,85.863,269518.0,406.0,1
973.9708783340639,68.08579930466668,3.525456941889576,23.585,85.882,413657.0,289.0,1
973.9708783340639,68.08579930466668,3.525456941889576,23.688,86.082,3859915.0,477.0,1
973.9708783340639,68.08579930466668,3.525456941889576,23.71,86.041,290778.0,320.0,1
973.9708783340639,68.08579930466668,3.525456941889576,23.764,85.996,52437.0,266.0,1
973.9708783340639,68.08579930466668,3.525456941889576,23.627,85.903,24349.0,55.0,1
973.9708783340639,68.08579930466668,3.525456941889576,23.586,85.943,233466.0,349.0,1
973.9708783340639,68.08579930466668,3.525456941889576,23.569,85.991,460854.0,424.0,1
973.9708783340639,68.08579930466668,3.525456941889576,23.559,86.018,179451.0,162.0,1
973.9708783340639,68.08579930466668,3.525456941889576,23.59,85.927,15319.0,123.0,1
973.9708783340639,68.08579930466668,3.525456941889576,23.681,85.932,169974.0,438.0,1
973.9708783340639,68.08579930466668,3.525456941889576,23.681,85.932,169974.0,438.0,0
973.9708783340639,68.08579930466668,3.525456941889576,23.681,85.932,169974.0,438.0,0
973.9708783340639,68.08579930466668,3.525456941889576,23.681,85.932,169974.0,438.0,0
973.9708783340639,68.08579930466668,3.525456941889576,23.681,85.932,169974.0,438.0,0
973.9708783340639,68.08579930466668,3.525456941889576,23.681,85.932,169974.0,438.0,0
973.9708783340639,68.08579930466668,3.525456941889576,23.681,85.932,169974.0,438.0,0
973.9708783340639,68.08579930466668,3.525456941889576,23.681,85.932,169974.0,438.0,0
973.9708783340639,68.08579930466668,3.525456941889576,23.681,85.932,169974.0,438.0,0
973.9708783340639,68.08579930466668,3.525456941889576,23.681,85.932,169974.0,438.0,0
973.9708783340639,68.08579930466668,3.525456941889576,23.681,85.932,169974.0,438.0,0
973.9708783340639,68.08579930466668,3.525456941889576,23.681,85.932,169974.0,438.0,0
973.9708783340639,68.08579930466668,3.525456941889576,23.681,85.932,169974.0,438.0,0
973.9708783340639,68.08579930466668,3.525456941889576,23.681,85.932,169974.0,438.0,0
973.9708783340639,68.08579930466668,3.525456941889576,23.681,85.932,169974.0,438.0,0
973.9708783340639,68.08579930466668,3.525456941889576,23.681,85.932,169974.0,438.0,0
973.9708783340639,68.08579930466668,3.525456941889576,23.681,85.932,169974.0,438.0,0
973.9708783340639,68.08579930466668,3.525456941889576,23.681,85.932,169974.0,438.0,0
973.9708783340639,68.08579930466668,3.525456941889576,23.681,85.932,169974.0,438.0,0
973.9708783340639,68.08579930466668,3.525456941889576,23.681,85.932,169974.0,438.0,0
973.9708783340639,68.08579930466668,3.525456941889576,23.681,85.932,169974.0,438.0,0
973.9708783340639,68.08579930466668,3.525456941889576,23.681,85.932,169974.0,438.0,0
973.9708783340639,68.08579930466668,3.525456941889576,23.681,85.932,169974.0,438.0,0
973.9708783340639,68.08579930466668,3.525456941889576,23.681,85.932,169974.0,438.0,0
973.9708783340639,68.08579930466668,3.525456941889576,23.681,85.932,169974.0,438.0,0
973.9708783340639,68.08579930466668,3.525456941889576,23.681,85.932,169974.0,438.0,0
973.9708783340639,68.08579930466668,3.525456941889576,23.681,85.932,169974.0,438.0,0
973.9708783340639,68.08579930466668,3.525456941889576,23.681,85.932,169974.0,438.0,0
973.9708783340639,68.08579930466668,3.525456941889576,23.681,85.932,169974.0,438.0,0
973.9708783340639,68.08579930466668,3.525456941889576,23.681,85.932,169974.0,438.0,0
973.9708783340639,68.08579930466668,3.525456941889576,23.681,85.932,169974.0,438.0,0
973.9708783340639,68.08579930466668,3.525456941889576,23.681,85.932,169974.0,438.0,0
973.9708783340639,68.08579930466668,3.525456941889576,23.681,85.932,169974.0,438.0,0
973.9708783340639,68.08579930466668,3.525456941889576,23.681,85.932,169974.0,438.0,0
973.9708783340639,68.08579930466668,3.525456941889576,23.681,85.932,169974.0,438.0,0
973.9708783340639,68.08579930466668,3.525456941889576,23.681,85.932,169974.0,438.0,0
973.9708783340639,68.08579930466668,3.525456941889576,23.681,85.932,169974.0,438.0,0
973.9708783340639,68.08579930466668,3.525456941889576,23.681,85.932,169974.0,438.0,0
973.9708783340639,68.08579930466668,3.525456941889576,23.681,85.932,169974.0,438.0,0
973.9708783340639,68.08579930466668,3.525456941889576,23.681,85.932,169974.0,438.0,0
973.9708783340639,68.08579930466668,3.525456941889576,23.681,85.932,169974.0,438.0,0
973.9708783340639,68.08579930466668,3.525456941889576,23.681,85.932,169974.0,438.0,0
973.9708783340639,68.08579930466668,3.525456941889576,23.681,85.932,169974.0,438.0,0
973.9708783340639,68.08579930466668,3.525456941889576,23.681,85.932,169974.0,438.0,0
973.9708783340639,68.08579930466668,3.525456941889576,23.681,85.932,169974.0,438.0,0
973.9708783340639,68.08579930466668,3.525456941889576,23.681,85.932,169974.0,438.0,0
973.9708783340639,68.08579930466668,3.525456941889576,23.681,85.932,169974.0,438.0,0
973.9708783340639,68.08579930466668,3.525456941889576,23.681,85.932,169974.0,438.0,0
973.9708783340639,68.08579930466668,3.525456941889576,23.681,85.932,169974.0,438.0,0
973.9708783340639,68.08579930466668,3.525456941889576,23.681,85.932,169974.0,438.0,0
973.9708783340639,68.08579930466668,3.525456941889576,23.681,85.932,169974.0,438.0,0
973.9708783340639,68.08579930466668,3.525456941889576,23.681,85.932,169974.0,438.0,0
973.9708783340639,68.08579930466668,3.525456941889576,23.681,85.932,169974.0,438.0,0
973.9708783340639,68.08579930466668,3.525456941889576,23.681,85.932,169974.0,438.0,0
973.9708783340639,68.08579930466668,3.525456941889576,23.681,85.932,169974.0,438.0,0
973.9708783340639,68.08579930466668,3.525456941889576,23.681,85.932,169974.0,438.0,0
973.9708783340639,68.08579930466668,3.525456941889576,23.681,85.932,169974.0,438.0,0
973.9708783340639,68.08579930466668,3.525456941889576,23.681,85.932,169974.0,438.0,0
973.9708783340639,68.08579930466668,3.525456941889576,23.681,85.932,169974.0,438.0,0
973.9708783340639,68.08579930466668,3.525456941889576,23.681,85.932,169974.0,438.0,0
973.9708783340639,68.08579930466668,3.525456941889576,23.681,85.932,169974.0,438.0,0
973.9708783340639,68.08579930466668,3.525456941889576,23.681,85.932,169974.0,438.0,0
973.9708783340639,68.08579930466668,3.525456941889576,23.681,85.932,169974.0,438.0,0
973.9708783340639,68.08579930466668,3.525456941889576,23.681,85.932,169974.0,438.0,0
973.9708783340639,68.08579930466668,3.525456941889576,23.681,85.932,169974.0,438.0,0
973.9708783340639,68.08579930466668,3.525456941889576,23.681,85.932,169974.0,438.0,0
973.9708783340639,68.08579930466668,3.525456941889576,23.681,85.932,169974.0,438.0,0
973.9708783340639,68.08579930466668,3.525456941889576,23.681,85.932,169974.0,438.0,0
973.9708783340639,68.08579930466668,3.525456941889576,23.681,85.932,169974.0,438.0,0
973.9708783340639,68.08579930466668,3.525456941889576,23.681,85.932,169974.0,438.0,0
973.9708783340639,68.08579930466668,3.525456941889576,23.681,85.932,169974.0,438.0,0
973.9708783340639,68.08579930466668,3.525456941889576,23.681,85.932,169974.0,438.0,0
973.9708783340639,68.08579930466668,3.525456941889576,23.681,85.932,169974.0,438.0,0
973.9708783340639,68.08579930466668,3.525456941889576,23.681,85.932,169974.0,438.0,0
973.9708783340639,68.08579930466668,3.525456941889576,23.681,85.932,169974.0,438.0,0
973.9708783340639,68.08579930466668,3.525456941889576,23.681,85.932,169974.0,438.0,0
973.9708783340639,68.08579930466668,3.525456941889576,23.681,85.932,169974.0,438.0,0
973.9708783340639,68.08579930466668,3.525456941889576,23.681,85.932,169974.0,438.0,0
973.9708783340639,68.08579930466668,3.525456941889576,23.681,85.932,169974.0,438.0,0
973.9708783340639,68.08579930466668,3.525456941889576,23.681,85.932,169974.0,438.0,0
973.9708783340639,68.08579930466668,3.525456941889576,23.681,85.932,169974.0,438.0,0
973.9708783340639,68.08579930466668,3.525456941889576,23.681,85.932,169974.0,438.0,0
973.9708783340639,68.08579930466668,3.525456941889576,23.681,85.932,169974.0,438.0,0
973.9708783340639,68.08579930466668,3.525456941889576,23.681,85.932,169974.0,438.0,0
973.9708783340639,68.08579930466668,3.525456941889576,23.681,85.932,169974.0,438.0,0
973.9708783340639,68.08579930466668,3.525456941889576,23.681,85.932,169974.0,438.0,0
973.9708783340639,68.08579930466668,3.525456941889576,23.681,85.932,169974.0,438.0,0
973.9708783340639,68.08579930466668,3.525456941889576,23.681,85.932,169974.0,438.0,0
973.9708783340639,68.08579930466668,3.525456941889576,23.681,85.932,169974.0,438.0,0
973.9708783340639,68.08579930466668,3.525456941889576,23.681,85.932,169974.0,438.0,0
973.9708783340639,68.08579930466668,3.525456941889576,23.681,85.932,169974.0,438.0,0
973.9708783340639,68.08579930466668,3.525456941889576,23.681,85.932,169974.0,438.0,0
973.9708783340639,68.08579930466668,3.525456941889576,23.681,85.932,169974.0,438.0,0
973.9708783340639,68.08579930466668,3.525456941889576,23.681,85.932,169974.0,438.0,0
973.9708783340639,68.08579930466668,3.525456941889576,23.681,85.932,169974.0,438.0,0
973.9708783340639,68.08579930466668,3.525456941889576,23.681,85.932,169974.0,438.0,0
973.9708783340639,68.08579930466668,3.525456941889576,23.681,85.932,169974.0,438.0,0
973.9708783340639,68.08579930466668,3.525456941889576,23.681,85.932,169974.0,438.0,0
973.9708783340639,68.08579930466668,3.525456941889576,23.681,85.932,169974.0,438.0,0
973.9708783340639,68.08579930466668,3.525456941889576,23.681,85.932,169974.0,438.0,0
973.9708783340639,68.08579930466668,3.525456941889576,23.681,85.932,169974.0,438.0,0
973.9708783340639,68.08579930466668,3.525456941889576,23.681,85.932,169974.0,438.0,0
973.9708783340639,68.08579930466668,3.525456941889576,23.681,85.932,169974.0,438.0,0
973.9708783340639,68.08579930466668,3.525456941889576,23.681,85.932,169974.0,438.0,0
973.9708783340639,68.08579930466668,3.525456941889576,23.681,85.932,169974.0,438.0,0
973.9708783340639,68.08579930466668,3.525456941889576,23.681,85.932,169974.0,438.0,0
973.9708783340639,68.08579930466668,3.525456941889576,23.681,85.932,169974.0,438.0,0
973.9708783340639,68.08579930466668,3.525456941889576,23.681,85.932,169974.0,438.0,0
973.9708783340639,68.08579930466668,3.525456941889576,23.681,85.932,169974.0,438.0,0
973.9708783340639,68.08579930466668,3.525456941889576,23.569,85.913,350107.0,114.0,1
973.9708783340639,68.08579930466668,3.525456941889576,23.569,85.913,350107.0,114.0,0
973.9708783340639,68.08579930466668,3.525456941889576,23.569,85.913,350107.0,114.0,0
973.9708783340639,68.08579930466668,3.525456941889576,23.569,85.913,350107.0,114.0,0
973.9708783340639,68.08579930466668,3.525456941889576,23.569,85.913,350107.0,114.0,0
973.9708783340639,68.08579930466668,3.525456941889576,23.569,85.913,350107.0,114.0,0
973.9708783340639,68.08579930466668,3.525456941889576,23.569,85.913,350107.0,114.0,0
973.9708783340639,68.08579930466668,3.525456941889576,23.569,85.913,350107.0,114.0,0
973.9708783340639,68.08579930466668,3.525456941889576,23.837,85.938,53697.0,223.0,1
973.9708783340639,68.08579930466668,3.525456941889576,23.817,85.961,745618.0,351.0,1
973.9708783340639,68.08579930466668,3.525456941889576,23.799,85.765,671884.0,640.0,1
973.9708783340639,68.08579930466668,3.525456941889576,23.644,85.629,986336.0,490.0,1
973.9708783340639,68.08579930466668,3.525456941889576,23.645,85.706,758372.0,270.0,1
973.9708783340639,68.08579930466668,3.525456941889576,23.676,85.743,853099.0,395.0,1
973.9708783340639,68.08579930466668,3.525456941889576,23.676,85.743,853099.0,395.0,0
973.9708783340639,68.08579930466668,3.525456941889576,23.676,85.743,853099.0,395.0,0
973.9708783340639,68.08579930466668,3.525456941889576,23.676,85.743,853099.0,395.0,0
973.9708783340639,68.08579930466668,3.525456941889576,23.676,85.743,853099.0,395.0,0
973.9708783340639,68.08579930466668,3.525456941889576,23.676,85.743,853099.0,395.0,0
973.9708783340639,68.08579930466668,3.525456941889576,23.676,85.743,853099.0,395.0,0
973.9708783340639,68.08579930466668,3.525456941889576,23.676,85.743,853099.0,395.0,0
973.9708783340639,68.08579930466668,3.525456941889576,23.676,85.743,853099.0,395.0,0
973.9708783340639,68.08579930466668,3.525456941889576,23.676,85.743,853099.0,395.0,0
973.9708783340639,68.08579930466668,3.525456941889576,23.676,85.743,853099.0,395.0,0
973.9708783340639,68.08579930466668,3.525456941889576,23.676,85.743,853099.0,395.0,0
973.9708783340639,68.08579930466668,3.525456941889576,23.676,85.743,853099.0,395.0,0
973.9708783340639,68.08579930466668,3.525456941889576,23.676,85.743,853099.0,395.0,0
973.9708783340639,68.08579930466668,3.525456941889576,23.676,85.743,853099.0,395.0,0
973.9708783340639,68.08579930466668,3.525456941889576,23.676,85.743,853099.0,395.0,0
973.9708783340639,68.08579930466668,3.525456941889576,23.676,85.743,853099.0,395.0,0
973.9708783340639,68.08579930466668,3.525456941889576,23.676,85.743,853099.0,395.0,0
973.9708783340639,68.08579930466668,3.525456941889576,23.676,85.743,853099.0,395.0,0
973.9708783340639,68.08579930466668,3.525456941889576,23.676,85.743,853099.0,395.0,0
973.9708783340639,68.08579930466668,3.525456941889576,23.676,85.743,853099.0,395.0,0
973.9708783340639,68.08579930466668,3.525456941889576,23.676,85.743,853099.0,395.0,0
973.9708783340639,68.08579930466668,3.525456941889576,23.676,85.743,853099.0,395.0,0
973.9708783340639,68.08579930466668,3.525456941889576,23.676,85.743,853099.0,395.0,0
973.9708783340639,68.08579930466668,3.525456941889576,23.676,85.743,853099.0,395.0,0
973.9708783340639,68.08579930466668,3.525456941889576,23.676,85.743,853099.0,395.0,0
973.9708783340639,68.08579930466668,3.525456941889576,23.676,85.743,853099.0,395.0,0
973.9708783340639,68.08579930466668,3.525456941889576,23.676,85.743,853099.0,395.0,0
973.9708783340639,68.08579930466668,3.525456941889576,23.676,85.743,853099.0,395.0,0
973.9708783340639,68.08579930466668,3.525456941889576,23.676,85.743,853099.0,395.0,0
973.9708783340639,68.08579930466668,3.525456941889576,23.676,85.743,853099.0,395.0,0
973.9708783340639,68.08579930466668,3.525456941889576,23.676,85.743,853099.0,395.0,0
973.9708783340639,68.08579930466668,3.525456941889576,23.676,85.743,853099.0,395.0,0
973.9708783340639,68.08579930466668,3.525456941889576,23.676,85.743,853099.0,395.0,0
973.9708783340639,68.08579930466668,3.525456941889576,23.676,85.743,853099.0,395.0,0
973.9708783340639,68.08579930466668,3.525456941889576,23.676,85.743,853099.0,395.0,0
973.9708783340639,68.08579930466668,3.525456941889576,23.676,85.743,853099.0,395.0,0
973.9708783340639,68.08579930466668,3.525456941889576,23.676,85.743,853099.0,395.0,0
973.9708783340639,68.08579930466668,3.525456941889576,23.676,85.743,853099.0,395.0,0
973.9708783340639,68.08579930466668,3.525456941889576,23.676,85.743,853099.0,395.0,0
973.9708783340639,68.08579930466668,3.525456941889576,23.676,85.743,853099.0,395.0,0
973.9708783340639,68.08579930466668,3.525456941889576,23.676,85.743,853099.0,395.0,0
973.9708783340639,68.08579930466668,3.525456941889576,23.676,85.743,853099.0,395.0,0
973.9708783340639,68.08579930466668,3.525456941889576,23.676,85.743,853099.0,395.0,0
973.9708783340639,68.08579930466668,3.525456941889576,23.676,85.743,853099.0,395.0,0
973.9708783340639,68.08579930466668,3.525456941889576,23.676,85.743,853099.0,395.0,0
973.9708783340639,68.08579930466668,3.525456941889576,23.676,85.743,853099.0,395.0,0
973.9708783340639,68.08579930466668,3.525456941889576,23.676,85.743,853099.0,395.0,0
973.9708783340639,68.08579930466668,3.525456941889576,23.676,85.743,853099.0,395.0,0
973.9708783340639,68.08579930466668,3.525456941889576,23.676,85.743,853099.0,395.0,0
973.9708783340639,68.08579930466668,3.525456941889576,23.676,85.743,853099.0,395.0,0
973.9708783340639,68.08579930466668,3.525456941889576,23.676,85.743,853099.0,395.0,0
973.9708783340639,68.08579930466668,3.525456941889576,23.676,85.743,853099.0,395.0,0
973.9708783340639,68.08579930466668,3.525456941889576,23.676,85.743,853099.0,395.0,0
973.9708783340639,68.08579930466668,3.525456941889576,23.676,85.743,853099.0,395.0,0
973.9708783340639,68.08579930466668,3.525456941889576,23.676,85.743,853099.0,395.0,0
973.9708783340639,68.08579930466668,3.525456941889576,23.676,85.743,853099.0,395.0,0
973.9708783340639,68.08579930466668,3.525456941889576,23.676,85.743,853099.0,395.0,0
973.9708783340639,68.08579930466668,3.525456941889576,23.676,85.743,853099.0,395.0,0
973.9708783340639,68.08579930466668,3.525456941889576,23.676,85.743,853099.0,395.0,0
973.9708783340639,68.08579930466668,3.525456941889576,23.676,85.743,853099.0,395.0,0
973.9708783340639,68.08579930466668,3.525456941889576,23.676,85.743,853099.0,395.0,0
973.9708783340639,68.08579930466668,3.525456941889576,23.676,85.743,853099.0,395.0,0
973.9708783340639,68.08579930466668,3.525456941889576,23.676,85.743,853099.0,395.0,0
973.9708783340639,68.08579930466668,3.525456941889576,23.676,85.743,853099.0,395.0,0
973.9708783340639,68.08579930466668,3.525456941889576,23.676,85.743,853099.0,395.0,0
973.9708783340639,68.08579930466668,3.525456941889576,23.676,85.743,853099.0,395.0,0
973.9708783340639,68.08579930466668,3.525456941889576,23.676,85.743,853099.0,395.0,0
973.9708783340639,68.08579930466668,3.525456941889576,23.676,85.743,853099.0,395.0,0
973.9708783340639,68.08579930466668,3.525456941889576,23.676,85.743,853099.0,395.0,0
973.9708783340639,68.08579930466668,3.525456941889576,23.676,85.743,853099.0,395.0,0
973.9708783340639,68.08579930466668,3.525456941889576,23.676,85.743,853099.0,395.0,0
973.9708783340639,68.08579930466668,3.525456941889576,23.676,85.743,853099.0,395.0,0
973.9708783340639,68.08579930466668,3.525456941889576,23.676,85.743,853099.0,395.0,0
973.9708783340639,68.08579930466668,3.525456941889576,23.676,85.743,853099.0,395.0,0
973.9708783340639,68.08579930466668,3.525456941889576,23.676,85.743,853099.0,395.0,0
973.9708783340639,68.08579930466668,3.525456941889576,23.676,85.743,853099.0,395.0,0
973.9708783340639,68.08579930466668,3.525456941889576,23.676,85.743,853099.0,395.0,0
973.9708783340639,68.08579930466668,3.525456941889576,23.676,85.743,853099.0,395.0,0
973.9708783340639,68.08579930466668,3.525456941889576,23.676,85.743,853099.0,395.0,0
973.9708783340639,68.08579930466668,3.525456941889576,23.676,85.743,853099.0,395.0,0
973.9708783340639,68.08579930466668,3.525456941889576,23.676,85.743,853099.0,395.0,0
973.9708783340639,68.08579930466668,3.525456941889576,23.676,85.743,853099.0,395.0,0
973.9708783340639,68.08579930466668,3.525456941889576,23.676,85.743,853099.0,395.0,0
973.9708783340639,68.08579930466668,3.525456941889576,23.676,85.743,853099.0,395.0,0
973.9708783340639,68.08579930466668,3.525456941889576,23.676,85.743,853099.0,395.0,0
973.9708783340639,68.08579930466668,3.525456941889576,23.676,85.743,853099.0,395.0,0
973.9708783340639,68.08579930466668,3.525456941889576,23.676,85.743,853099.0,395.0,0
973.9708783340639,68.08579930466668,3.525456941889576,23.676,85.743,853099.0,395.0,0
973.9708783340639,68.08579930466668,3.525456941889576,23.676,85.743,853099.0,395.0,0
973.9708783340639,68.08579930466668,3.525456941889576,23.676,85.743,853099.0,395.0,0
973.9708783340639,68.08579930466668,3.525456941889576,23.676,85.743,853099.0,395.0,0
973.9708783340639,68.08579930466668,3.525456941889576,23.676,85.743,853099.0,395.0,0
973.9708783340639,68.08579930466668,3.525456941889576,23.676,85.743,853099.0,395.0,0
973.9708783340639,68.08579930466668,3.525456941889576,23.676,85.743,853099.0,395.0,0
973.9708783340639,68.08579930466668,3.525456941889576,23.676,85.743,853099.0,395.0,0
973.9708783340639,68.08579930466668,3.525456941889576,23.676,85.743,853099.0,395.0,0
973.9708783340639,68.08579930466668,3.525456941889576,23.94,85.674,101036.0,90.0,1
973.9708783340639,68.08579930466668,3.525456941889576,23.57528922316043,85.97456818462315,360740.4213055601,182.1884195288689,1
973.9708783340639,68.08579930466668,3.525456941889576,23.748944190501653,85.92332403175028,41390.990965917066,152.5553524013244,1
973.9708783340639,68.08579930466668,3.525456941889576,23.657850573946416,85.97186951470024,272226.04190717754,292.1548459967797,1
973.9708783340639,68.08579930466668,3.525456941889576,23.619177314782178,86.0962861710904,239005.6314024439,190.03107572399563,1
973.9708783340639,68.08579930466668,3.525456941889576,23.587787762287448,85.8948969779569,9462.672299987136,7.7893106940425385,1
973.9708783340639,68.08579930466668,3.525456941889576,23.65726656570537,86.01876334274084,245433.97668619262,171.43455909679034,1
973.9708783340639,68.08579930466668,3.525456941889576,23.56136590349139,85.9827551757707,482192.21583314554,295.4418147950104,1
973.9708783340639,68.08579930466668,3.525456941889576,23.838028772492827,85.92051086762193,54842.53817076347,194.70875644724248,1
973.9708783340639,68.08579930466668,3.525456941889576,23.57947994128326,86.01559310940456,367825.8228307098,227.62462654483306,1
973.9708783340639,68.08579930466668,3.525456941889576,23.69018524700379,86.12410765148034,580275.8707872711,370.9492611660037,1
973.9708783340639,68.08579930466668,3.525456941889576,23.824157456554552,85.94820366465528,53475.334181626546,230.56478586512586,1
973.9708783340639,68.08579930466668,3.525456941889576,23.832535385186965,85.93780117100023,53003.30369516354,221.19246363844792,1
973.9708783340639,68.08579930466668,3.525456941889576,23.59764044455078,86.10415876340522,256373.53483583347,295.75431789742066,1
973.9708783340639,68.08579930466668,3.525456941889576,23.719268059773366,85.94040466733341,173009.51548903206,406.3483804678248,1
973.9708783340639,68.08579930466668,3.525456941889576,23.588847165483624,86.00570771740126,593590.2767947884,97.91394088912027,1
973.9708783340639,68.08579930466668,3.525456941889576,23.756414382271384,85.96183677464558,1193458.6414505518,421.94468657307084,1
973.9708783340639,68.08579930466668,3.525456941889576,23.734840514169974,86.04688417643985,171221.50964554542,157.18715136474273,1
973.9708783340639,68.08579930466668,3.525456941889576,23.559042285565877,86.07805186615404,406165.78322297137,259.9281455887841,1
973.9708783340639,68.08579930466668,3.525456941889576,23.767563505763874,85.81308629878895,267597.9501240662,246.4931722168596,1
973.9708783340639,68.08579930466668,3.525456941889576,23.569717949541158,85.92675560822833,1685665.277471404,245.10177565745875,1
973.9708783340639,68.08579930466668,3.525456941889576,23.747174156691916,85.92127130043656,37566.53327963539,144.81151290996752,1
973.9708783340639,68.08579930466668,3.525456941889576,23.505782789120996,85.99176616365119,156428.18522028913,112.53048002796855,1
973.9708783340639,68.08579930466668,3.525456941889576,23.600504483701336,86.00400496305485,594080.8010276572,102.1926569390667,1
973.9708783340639,68.08579930466668,3.525456941889576,23.752364393159425,85.98182317852726,600470.8612627197,157.93150011095088,1
973.9708783340639,68.08579930466668,3.525456941889576,23.660910993258256,85.7249905403405,806991.3760766097,334.15723088006814,1
973.9708783340639,68.08579930466668,3.525456941889576,23.50254501031761,86.01700871937007,455581.2848089498,140.39979881415715,1
973.9708783340639,68.08579930466668,3.525456941889576,23.602393633806937,86.0303311266541,84526.47460707818,171.46507055301856,1
973.9708783340639,68.08579930466668,3.525456941889576,23.659441139930504,85.9183029794924,207849.99036087794,395.79435464598333,1
973.9708783340639,68.08579930466668,3.525456941889576,23.77575472964227,85.99284096888081,184287.98500850517,225.86523284102591,1
973.9708783340639,68.08579930466668,3.525456941889576,23.573013544357977,85.94885778424123,420856.3547765046,227.3363264590487,1
973.9708783340639,68.08579930466668,3.525456941889576,23.837271664869856,85.93338169721244,53999.498832584875,215.52921607895468,1
973.9708783340639,68.08579930466668,3.525456941889576,23.65416276556849,86.05690980576166,4132417.2977698147,622.0167189921798,1
973.9708783340639,68.08579930466668,3.525456941889576,23.584655677682242,85.95745886237412,159371.63180462774,267.2758640794147,1
973.9708783340639,68.08579930466668,3.525456941889576,23.837440083984184,85.93582375644587,1031386.4064140867,405.12281162380117,1
973.9708783340639,68.08579930466668,3.525456941889576,23.781358448927026,85.97470696931617,53244.0521521139,243.3182934020183,1
973.9708783340639,68.08579930466668,3.525456941889576,23.674648283075612,85.74138666044509,848968.5455130178,389.5495285306958,1
973.9708783340639,68.08579930466668,3.525456941889576,23.70383380931063,85.95634876730897,537884.6704544311,271.85015777823895,1
973.9708783340639,68.08579930466668,3.525456941889576,23.536934494366733,85.97640428494107,428723.75376059086,127.65027743004528,1
973.9708783340639,68.08579930466668,3.525456941889576,23.80050593983399,85.96659120683593,705106.9108702317,297.6039747168191,1
973.9708783340639,68.08579930466668,3.525456941889576,23.69347589666006,85.76933035096782,884243.0284498504,415.03902817020344,1
973.9708783340639,68.08579930466668,3.525456941889576,23.634480403836363,86.0978266268162,250782.52278422733,226.53515326282326,1
973.9708783340639,68.08579930466668,3.525456941889576,23.510110865258287,86.0248558137506,602084.4267663456,161.3387024422333,1
973.9708783340639,68.08579930466668,3.525456941889576,23.570984501828022,85.97016273080575,441077.1162825313,326.75941042686895,1
973.9708783340639,68.08579930466668,3.525456941889576,23.646939860323805,85.98375391575495,317312.0072826172,227.86958316811092,1
973.9708783340639,68.08579930466668,3.525456941889576,23.68171028024096,85.96901319433312,249559.3567670195,159.50027494117958,1
973.9708783340639,68.08579930466668,3.525456941889576,23.70232509538538,85.95668839456994,536092.488387039,275.9699308588771,1
973.9708783340639,68.08579930466668,3.525456941889576,23.579247090816832,85.98836288103979,466636.6744559583,412.6227153430746,1
973.9708783340639,68.08579930466668,3.525456941889576,23.71080871864403,85.97490690566919,41090.13803809838,222.28532624193298,1
973.9708783340639,68.08579930466668,3.525456941889576,23.594963900236447,85.98431811390974,475506.0398187268,395.17243429629775,1
973.9708783340639,68.08579930466668,3.525456941889576,23.48826847485689,85.9910542457067,146916.08284456917,90.36202800530671,1
973.9708783340639,68.08579930466668,3.525456941889576,23.564718864787434,85.95395729244665,18983.042689330592,26.690393085197364,1
973.9708783340639,68.08579930466668,3.525456941889576,23.63968355490728,85.94349519208804,134501.34317194406,60.59474762606531,1
973.9708783340639,68.08579930466668,3.525456941889576,23.76199414846893,85.80780040724842,117188.35358771084,84.07962799785791,1
973.9708783340639,68.08579930466668,3.525456941889576,23.672284759552525,85.96721665386771,546546.5025251989,254.14979002788368,1
973.9708783340639,68.08579930466668,3.525456941889576,23.55623946128605,85.93897048820952,1445785.2523732134,34.92159942939492,1
973.9708783340639,68.08579930466668,3.525456941889576,23.64054960958837,85.66406723316308,998173.09242807,473.52262538120675,1
973.9708783340639,68.08579930466668,3.525456941889576,23.488208918717614,85.98926756152846,147319.57568815592,91.61270693007744,1
973.9708783340639,68.08579930466668,3.525456941889576,23.760497314374252,85.91132885648318,1297136.3818514368,354.70414388282916,1
973.9708783340639,68.08579930466668,3.525456941889576,23.838282706437408,85.91619399056407,55125.293618053445,187.725572971289,1
973.9708783340639,68.08579930466668,3.525456941889576,23.645853729115114,86.05244243313629,245479.6944095177,248.6285299537149,1
973.9708783340639,68.08579930466668,3.525456941889576,23.699369538816917,86.05399278589043,284547.6638749488,293.12855645387657,1
973.9708783340639,68.08579930466668,3.525456941889576,23.83954898471523,85.92970794432584,1014974.413699917,375.28186627952397,1
973.9708783340639,68.08579930466668,3.525456941889576,23.59363802815432,86.0944640059088,1278680.5523574576,292.7732398333041,1
973.9708783340639,68.08579930466668,3.525456941889576,23.520236964928593,86.01125623478771,582386.3149167706,90.82710093426809,1
973.9708783340639,68.08579930466668,3.525456941889576,23.633176208840446,85.94915049208652,1322819.3054607988,165.04746475196276,1
973.9708783340639,68.08579930466668,3.525456941889576,23.740855421593356,85.92026139376513,279688.3826073392,226.9865551968448,1
973.9708783340639,68.08579930466668,3.525456941889576,23.92665704353585,85.73419155916051,103854.92193565961,63.61059721534593,1
973.9708783340639,68.08579930466668,3.525456941889576,23.61684602014628,85.98622422166413,561703.7178728629,222.20651637000054,1
973.9708783340639,68.08579930466668,3.525456941889576,23.504578968010506,86.0056524111587,574423.147926318,46.883790327926974,1
973.9708783340639,68.08579930466668,3.525456941889576,23.531417473471464,86.0044029798803,167518.25514295025,136.3599049171349,1
973.9708783340639,68.08579930466668,3.525456941889576,23.689779857614774,85.90810057885521,197267.9530262951,415.1252190111827,1
973.9708783340639,68.08579930466668,3.525456941889576,23.594787420626265,86.12603561552403,1155741.9463238928,254.67267512985939,1
973.9708783340639,68.08579930466668,3.525456941889576,23.691486261711372,85.9478400733917,271904.3131169344,403.39526090464045,1
973.9708783340639,68.08579930466668,3.525456941889576,23.56955827116627,85.99417586093281,4813764.917148258,984.6074092874134,1
973.9708783340639,68.08579930466668,3.525456941889576,23.569425645501997,85.986530722229,456612.15880890633,403.1433704020213,1
973.9708783340639,68.08579930466668,3.525456941889576,23.659040385935217,85.95437808407776,30046.82209852511,179.74008729158604,1
973.9708783340639,68.08579930466668,3.525456941889576,23.767807639827954,85.99132929514437,52614.029867734374,261.0246839581391,1
973.9708783340639,68.08579930466668,3.525456941889576,23.515263930124558,86.01274349753284,583591.7181332196,85.92378157141076,1
973.9708783340639,68.08579930466668,3.525456941889576,23.759194681693973,85.9940944427407,51411.92066159183,262.05080162206025,1
973.9708783340639,68.08579930466668,3.525456941889576,23.632028205736415,86.01542740304592,162974.8412882029,135.16556471779705,1
973.9708783340639,68.08579930466668,3.525456941889576,23.577331008337342,85.99455618688137,364192.54272783303,204.32566934172593,1
973.9708783340639,68.08579930466668,3.525456941889576,23.75023803725319,86.02081987062336,1131574.3268249868,465.000128076807,1
973.9708783340639,68.08579930466668,3.525456941889576,23.65748180192485,86.09676687003636,2972105.5056584645,404.47826048808423,1
973.9708783340639,68.08579930466668,3.525456941889576,23.574069750299632,85.93776762185385,410330.5584306187,175.5822353179568,1
973.9708783340639,68.08579930466668,3.525456941889576,23.49570695649881,86.03223481959489,458515.1278172867,128.54102677944644,1
973.9708783340639,68.08579930466668,3.525456941889576,23.593550401518623,86.0923707029449,1286674.0780005464,295.1391589971447,1
973.9708783340639,68.08579930466668,3.525456941889576,23.528271966910783,86.01455578011415,591041.3541132683,75.68034740545582,1
973.9708783340639,68.08579930466668,3.525456941889576,23.60051457890992,85.84117886497401,1727916.1280569562,496.7477377553572,1
973.9708783340639,68.08579930466668,3.525456941889576,23.501281479174864,85.98599027455107,150048.1188752621,99.61163030193636,1
973.9708783340639,68.08579930466668,3.525456941889576,23.53147430323255,85.9792550863995,14347.055392969145,37.30165830480641,1
973.9708783340639,68.08579930466668,3.525456941889576,23.729534631358575,85.96757293932008,566814.8763493279,220.69031427322207,1
973.9708783340639,68.08579930466668,3.525456941889576,23.599714724694245,86.0081521456183,159780.05843884952,126.3785654870318,1
973.9708783340639,68.08579930466668,3.525456941889576,23.76505737084471,85.94381970481811,612959.5957864146,242.62287818195745,1
973.9708783340639,68.08579930466668,3.525456941889576,23.632588130187152,86.02940480246443,180291.96841029375,169.33165872713303,1
973.9708783340639,68.08579930466668,3.525456941889576,23.508918846247177,85.99817770134298,13764.783886850506,0.27798535687384174,1
973.9708783340639,68.08579930466668,3.525456941889576,23.752525612212462,85.86131619476821,794765.3168354052,371.11966711100405,1
973.9708783340639,68.08579930466668,3.525456941889576,23.552296608470122,85.96625444595128,142701.5452808576,80.99219212613824,1
973.9708783340639,68.08579930466668,3.525456941889576,23.66817323653252,86.04895539422087,3493610.8798175454,481.2763607478872,1
973.9708783340639,68.08579930466668,3.525456941889576,23.742291731853445,85.98465329984725,175146.36400218267,335.57287764088704,1
973.9708783340639,68.08579930466668,3.525456941889576,23.664133660664337,85.96651707262315,514540.1631519606,318.3736561741537,1
973.9708783340639,68.08579930466668,3.525456941889576,23.66918026282004,85.67604005142205,1004886.3826313788,500.6531881161707,1
973.9708783340639,68.08579930466668,3.525456941889576,23.769840565865234,85.8068412640056,269270.9537262034,139.6110478265377,1
973.9708783340639,68.08579930466668,3.525456941889576,23.60829934794363,86.11620795854498,238465.18684410755,201.21447910871157,1
973.9708783340639,68.08579930466668,3.525456941889576,23.570712429374918,85.9172810734373,364649.2356567189,118.56647833312077,1
973.9708783340639,68.08579930466668,3.525456941889576,23.772018522149462,85.78520936080169,264800.7318764129,115.40860389173369,1
973.9708783340639,68.08579930466668,3.525456941889576,23.688508762656863,85.9313870299159,30624.948555648327,162.88209014447946,1
973.9708783340639,68.08579930466668,3.525456941889576,23.577236894014035,85.99363485719002,364033.42017404374,203.30527194163287,1
973.9708783340639,68.08579930466668,3.525456941889576,23.65322146717922,85.92981553092702,25142.13144697995,148.59573570008848,1
973.9708783340639,68.08579930466668,3.525456941889576,23.603117031719144,85.98221988154286,480107.04375280155,386.1200603706542,1
973.9708783340639,68.08579930466668,3.525456941889576,23.64776541244488,85.95839165814171,86855.46747108115,248.28565609572752,1
973.9708783340639,68.08579930466668,3.525456941889576,23.817752233945107,85.95255713399109,55155.948317774244,210.14119830786558,1
973.9708783340639,68.08579930466668,3.525456941889576,23.629392340966554,85.96782425279233,324695.53051627835,202.2327818376622,1
973.9708783340639,68.08579930466668,3.525456941889576,23.773078486007915,85.89309297836685,779098.3421658376,364.7060043663239,1
973.9708783340639,68.08579930466668,3.525456941889576,23.597851486179913,86.09801958943679,1144655.5402078396,269.6173013489758,1
973.9708783340639,68.08579930466668,3.525456941889576,23.67553641796109,86.07275829631128,3960288.295900395,530.4153515953174,1
973.9708783340639,68.08579930466668,3.525456941889576,23.51940700831091,85.9984823280406,162322.2910884206,125.1952471622529,1
973.9708783340639,68.08579930466668,3.525456941889576,23.78816507985863,85.90376021264085,48352.71413460499,140.90402841521345,1
973.9708783340639,68.08579930466668,3.525456941889576,23.749869575236424,85.87970944563448,271513.7461471283,397.92689705300893,1
973.9708783340639,68.08579930466668,3.525456941889576,23.81370841205207,85.92515826456696,732134.5585692897,403.8482731640118,1
973.9708783340639,68.08579930466668,3.525456941889576,23.574607683984038,85.9321193181676,404969.6906430694,149.22348478212535,1
973.9708783340639,68.08579930466668,3.525456941889576,23.512724740901678,86.00484931800598,571763.2251252198,98.10231848265921,1
973.9708783340639,68.08579930466668,3.525456941889576,23.748854172297147,85.85563978411899,797563.9695555352,372.2653646732311,1
973.9708783340639,68.08579930466668,3.525456941889576,23.924570009782506,85.74360640031446,104295.84259994891,59.48290823651485,1
973.9708783340639,68.08579930466668,3.525456941889576,23.586307018696033,85.97654101901311,399965.5434861486,302.5058598590146,1
973.9708783340639,68.08579930466668,3.525456941889576,23.65489331618449,86.02359360353039,245033.44196852486,172.59326327463094,1
973.9708783340639,68.08579930466668,3.525456941889576,23.88087602620327,85.88849958677368,108691.32794879787,4.006116044573874,1
973.9708783340639,68.08579930466668,3.525456941889576,23.52273582331421,85.99177361852838,558629.2979233883,67.66045563638264,1
973.9708783340639,68.08579930466668,3.525456941889576,23.52495033979549,86.00984662735088,581243.8501143364,95.4744004525656,1
973.9708783340639,68.08579930466668,3.525456941889576,23.606236213100473,86.09609135128183,236828.73071608684,213.5053557620689,1
973.9708783340639,68.08579930466668,3.525456941889576,23.633205269989556,85.98061533600358,557231.0210645222,231.63256032731542,1
973.9708783340639,68.08579930466668,3.525456941889576,23.51551035057219,86.01641983643327,590504.362504414,70.9963084497173,1
973.9708783340639,68.08579930466668,3.525456941889576,23.697305174211166,85.90754223868325,191784.8880364696,422.60066880056553,1
973.9708783340639,68.08579930466668,3.525456941889576,23.66634618740887,85.73147770755251,823599.7514412908,356.0733363260882,1
973.9708783340639,68.08579930466668,3.525456941889576,23.4950978942757,86.02215139449474,589290.2134258325,68.37222559871083,1
973.9708783340639,68.08579930466668,3.525456941889576,23.786843193579035,85.91629078117822,747854.1622621686,336.7982481389636,1
973.9708783340639,68.08579930466668,3.525456941889576,23.498363575959026,86.02966462687769,594768.7646620037,155.7926035048168,1
973.9708783340639,68.08579930466668,3.525456941889576,23.701687101922055,85.99599141251234,547765.498031982,296.6635576996089,1
973.9708783340639,68.08579930466668,3.525456941889576,23.664842674825685,86.03226936181055,77394.2566853892,69.02026259667974,1
973.9708783340639,68.08579930466668,3.525456941889576,23.67499629817165,86.07228391726787,1142656.0343878963,363.70064385880363,1
973.9708783340639,68.08579930466668,3.525456941889576,23.598065237412076,86.07620924964134,584697.3550852343,228.48644417578086,1
973.9708783340639,68.08579930466668,3.525456941889576,23.60093032652587,85.99038191074737,2265379.479626216,167.05795337940185,1
973.9708783340639,68.08579930466668,3.525456941889576,23.681560104157597,86.07522369168821,3741979.072845418,454.07589315801494,1
973.9708783340639,68.08579930466668,3.525456941889576,23.70566190916153,85.91288241160333,193466.9724962273,409.2018097292015,1
973.9708783340639,68.08579930466668,3.525456941889576,23.497005939473205,86.01365410168869,582816.4926302746,55.31414285058481,1
973.9708783340639,68.08579930466668,3.525456941889576,23.702168764604874,85.97656480840318,582451.7078130402,119.03970113535091,1
973.9708783340639,68.08579930466668,3.525456941889576,23.646729413052814,85.71020874857986,755959.0249596568,268.3165005680577,1
973.9708783340639,68.08579930466668,3.525456941889576,23.80555104498967,85.94402625856027,746466.9533267543,345.6083409544381,1
973.9708783340639,68.08579930466668,3.525456941889576,23.917546794776186,85.7752889035652,105779.61382361763,45.59254966845807,1
973.9708783340639,68.08579930466668,3.525456941889576,23.71376917733758,86.0000357204876,182904.74789189632,207.6016326083938,1
973.9708783340639,68.08579930466668,3.525456941889576,23.763830580043518,85.9113160362306,1284179.3371823807,351.9477895793997,1
973.9708783340639,68.08579930466668,3.525456941889576,23.60586615794443,85.98496320013753,175810.42148492322,268.02507862838377,1
973.9708783340639,68.08579930466668,3.525456941889576,23.769461572775327,85.79041350482198,264369.19402645266,116.65699682145716,1
973.9708783340639,68.08579930466668,3.525456941889576,23.679853582301856,86.06749500149729,269472.73090936313,222.47743686364458,1
973.9708783340639,68.08579930466668,3.525456941889576,23.599545708777388,85.93457618129565,2225701.1568878675,496.0783765382101,1
973.9708783340639,68.08579930466668,3.525456941889576,23.746631128734574,85.96135744239587,189869.18698501893,336.6456346074746,1
973.9708783340639,68.08579930466668,3.525456941889576,23.570194304231904,85.91598576057976,360249.2305880477,117.18481128508161,1
973.9708783340639,68.08579930466668,3.525456941889576,23.69982653260936,86.01333137200902,269627.02410312364,286.1412033982122,1
973.9708783340639,68.08579930466668,3.525456941889576,23.645795531959717,86.00105174904142,598280.031834155,156.58693633337546,1
973.9708783340639,68.08579930466668,3.525456941889576,23.794897939243768,85.92823240992536,747256.8935051453,340.59147138805326,1
973.9708783340639,68.08579930466668,3.525456941889576,23.84024921125344,85.89323644080069,107485.64043806284,48.76534328579123,1
973.9708783340639,68.08579930466668,3.525456941889576,23.546444763302077,86.01710319737872,172726.59458511663,146.3956343897241,1
973.9708783340639,68.08579930466668,3.525456941889576,23.81094547525762,85.93841355035065,54619.651629644184,204.65791233004586,1
973.9708783340639,68.08579930466668,3.525456941889576,23.5108798766855,86.04321097462356,445974.0636268087,160.0167654646027,1
973.9708783340639,68.08579930466668,3.525456941889576,23.700188197909863,85.91519803298497,34577.22491551764,113.55055832789162,1
973.9708783340639,68.08579930466668,3.525456941889576,23.804805622767272,85.96513368719754,715667.3694102608,311.52328726354165,1
973.9708783340639,68.08579930466668,3.525456941889576,23.73630529445617,86.03890499319627,173284.5524018905,163.52161515913457,1
973.9708783340639,68.08579930466668,3.525456941889576,23.585179872604424,85.99954533570508,177417.33891252373,221.22659703951126,1
973.9708783340639,68.08579930466668,3.525456941889576,23.656072290663293,85.67200753548799,936071.1315279541,454.1603870933423,1
973.9708783340639,68.08579930466668,3.525456941889576,23.587493479279967,86.09233730437495,382964.6368182694,312.5970048610556,1
973.9708783340639,68.08579930466668,3.525456941889576,23.656423824125206,85.95334048198069,29488.65232114609,177.58969453968132,1
973.9708783340639,68.08579930466668,3.525456941889576,23.575394530082885,85.9755990839693,360918.4675990855,183.33016826707765,1
973.9708783340639,68.08579930466668,3.525456941889576,23.565016875667816,85.93101595642605,1601999.0904790428,171.79440494500966,1
973.9708783340639,68.08579930466668,3.525456941889576,23.656640688686057,85.99911364118537,598514.707830085,156.91682703227548,1
973.9708783340639,68.08579930466668,3.525456941889576,23.612134674839822,85.96941256762746,553011.4018999601,52.986653971272005,1
973.9708783340639,68.08579930466668,3.525456941889576,23.76897193570554,85.88674384385679,782228.669350586,365.98748105642653,1
973.9708783340639,68.08579930466668,3.525456941889576,23.70137292546477,86.00314191813392,268714.4302455272,198.49874019639932,1
973.9708783340639,68.08579930466668,3.525456941889576,23.578575288368427,86.00673703350142,366296.2928182786,217.81628441555833,1
973.9708783340639,68.08579930466668,3.525456941889576,23.75919348969638,85.9277261134568,191870.60021778886,371.8624573907103,1
973.9708783340639,68.08579930466668,3.525456941889576,23.62272602552717,86.09121134936804,585590.6889834155,296.01761041584336,1
973.9708783340639,68.08579930466668,3.525456941889576,23.574619888911133,85.92704972227783,397832.0332815038,128.9863704296913,1
973.9708783340639,68.08579930466668,3.525456941889576,23.77233832446514,85.78455846902978,264854.70510134904,115.25246511407863,1
973.9708783340639,68.08579930466668,3.525456941889576,23.513151139680925,85.99659502222393,564922.4321509952,37.34118412878085,1
973.9708783340639,68.08579930466668,3.525456941889576,23.61440164005913,85.96021192743073,94874.00054868111,245.7978795346226,1
973.9708783340639,68.08579930466668,3.525456941889576,23.517149377720845,85.99907020052788,565958.3725146033,84.64781060396501,1
973.9708783340639,68.08579930466668,3.525456941889576,23.688622476961548,85.92056628455768,180170.33334889487,430.800993980762,1
973.9708783340639,68.08579930466668,3.525456941889576,23.704887278873745,85.95587238638875,40317.59772996883,174.9577798712412,1
973.9708783340639,68.08579930466668,3.525456941889576,23.607881216750584,86.08386468380003,586686.2510188918,279.2793311320367,1
973.9708783340639,68.08579930466668,3.525456941889576,23.4882683522447,85.99105056734102,146916.91354215506,90.36460286129244,1
973.9708783340639,68.08579930466668,3.525456941889576,23.666962633460663,85.73856088100273,756743.4451909459,280.34286808321974,1
973.9708783340639,68.08579930466668,3.525456941889576,23.856244489512605,85.74625475382346,99364.14000409191,131.00269767144115,1
973.9708783340639,68.08579930466668,3.525456941889576,23.600044994382376,85.95339225537046,161065.17427817232,294.5460522216172,1
973.9708783340639,68.08579930466668,3.525456941889576,23.48813288339279,85.98698650178372,147834.71501384588,93.20944875140417,1
973.9708783340639,68.08579930466668,3.525456941889576,23.591056800229293,86.03280133881091,1514146.7601498854,362.466393809063,1
973.9708783340639,68.08579930466668,3.525456941889576,23.803294743476226,85.8117649845189,689476.7008597809,571.0455075205916,1
973.9708783340639,68.08579930466668,3.525456941889576,23.610687605784886,85.96756270039032,1100619.2671907912,330.9163215033425,1
973.9708783340639,68.08579930466668,3.525456941889576,23.69480729916421,86.02725974481932,269637.12531043205,275.0361494008147,1
973.9708783340639,68.08579930466668,3.525456941889576,23.685976618213484,85.76675021886302,755333.5361122397,289.29712834472235,1
973.9708783340639,68.08579930466668,3.525456941889576,23.729259772950858,85.82534489718643,812500.3215848857,378.37992900824304,1
973.9708783340639,68.08579930466668,3.525456941889576,23.62697918232931,86.08820596484118,273019.61536451307,319.83567050019576,1
973.9708783340639,68.08579930466668,3.525456941889576,23.800248966919863,85.96719945094038,53062.667100260674,244.64786880062766,1
973.9708783340639,68.08579930466668,3.525456941889576,23.811621729549092,85.9606879499477,180335.232986429,329.962401260799,1
973.9708783340639,68.08579930466668,3.525456941889576,23.70470778346062,85.87698343456681,96339.28641194376,205.18783138047303,1
973.9708783340639,68.08579930466668,3.525456941889576,23.75970291677776,85.8029951638918,266974.0495970349,140.69566261545478,1
973.9708783340639,68.08579930466668,3.525456941889576,23.584144235252044,85.88365804419918,410258.0093917047,279.6400730692104,1
973.9708783340639,68.08579930466668,3.525456941889576,23.586953545571685,85.95021377954232,233624.4543989124,342.6153905200125,1
973.9708783340639,68.08579930466668,3.525456941889576,23.58255429030553,85.89866139729358,420871.3850281205,309.6356755470954,1
973.9708783340639,68.08579930466668,3.525456941889576,23.818977330052213,85.83157790456545,90637.63282463275,80.77246504796926,1
973.9708783340639,68.08579930466668,3.525456941889576,23.494827203540506,86.02765440708102,594777.504107141,148.11207966138107,1
973.9708783340639,68.08579930466668,3.525456941889576,23.667605312113434,86.00539402627255,181874.57925662657,193.99977946199397,1
973.9708783340639,68.08579930466668,3.525456941889576,23.714805027914235,86.01474051677647,64106.89622330089,114.18217876283481,1
973.9708783340639,68.08579930466668,3.525456941889576,23.66020440856505,86.07846994999066,264406.0575657862,258.37179277852437,1
973.9708783340639,68.08579930466668,3.525456941889576,23.870347814286202,85.89707154309805,107311.06513915675,6.246917905301357,1
973.9708783340639,68.08579930466668,3.525456941889576,23.51911819072898,86.02368990507885,595538.888302048,152.73363317806786,1
973.9708783340639,68.08579930466668,3.525456941889576,23.654075824626826,85.92010724481575,209721.3933465333,392.3757466648806,1
973.9708783340639,68.08579930466668,3.525456941889576,23.884075991713075,85.80135170203954,76057.34790257624,133.18883808297247,1
973.9708783340639,68.08579930466668,3.525456941889576,23.598338217911405,85.85179800570815,1765030.77539206,497.08544894478194,1
973.9708783340639,68.08579930466668,3.525456941889576,23.577078633591753,86.01590158717238,179854.4333174731,167.32674025471266,1
973.9708783340639,68.08579930466668,3.525456941889576,23.632484527041676,86.00947054596838,181090.8422135669,183.65169100335095,1
973.9708783340639,68.08579930466668,3.525456941889576,23.519729216844112,85.99076700440027,15106.868476031896,6.240553110959641,1
973.9708783340639,68.08579930466668,3.525456941889576,23.516111853985272,85.97567848520286,146097.04440440907,89.43826504029279,1
973.9708783340639,68.08579930466668,3.525456941889576,23.555055823450086,85.9457898332126,1399452.6562125273,6.592458615190992,1
973.9708783340639,68.08579930466668,3.525456941889576,23.489655984493655,85.98298372496812,148890.483517053,96.6713450649957,1
973.9708783340639,68.08579930466668,3.525456941889576,23.576598477036118,85.9890445095863,465141.9993791773,415.56345564372015,1
973.9708783340639,68.08579930466668,3.525456941889576,23.592048182193807,86.09783707552343,265769.26502107497,345.3552535853658,1
973.9708783340639,68.08579930466668,3.525456941889576,23.622571792176903,85.96668848202864,186081.083839821,279.60781552726786,1
973.9708783340639,68.08579930466668,3.525456941889576,23.70457968929162,85.93007042167565,271404.50269388594,403.94082038715084,1
973.9708783340639,68.08579930466668,3.525456941889576,23.799564265008463,85.77114421898106,674195.4175630112,630.9404118085249,1
973.9708783340639,68.08579930466668,3.525456941889576,23.763341161750105,85.88144765259463,749596.8652502275,325.73043082417814,1
973.9708783340639,68.08579930466668,3.525456941889576,23.682827086896282,85.9617062644017,525089.30341997,297.6184549901566,1
973.9708783340639,68.08579930466668,3.525456941889576,23.66550221938213,85.71385474638666,746857.740584924,319.2585790349887,1
973.9708783340639,68.08579930466668,3.525456941889576,23.683907346252248,85.92763898062162,173863.06017009076,435.25417298398776,1
973.9708783340639,68.08579930466668,3.525456941889576,23.61260072748256,85.96059126819962,533659.2484335725,118.0446982626741,1
973.9708783340639,68.08579930466668,3.525456941889576,23.851375022156077,85.96252934509974,188529.96029400703,296.6122268113649,1
973.9708783340639,68.08579930466668,3.525456941889576,23.622944617865777,85.9771171939316,491296.21714678494,364.10560810490796,1
973.9708783340639,68.08579930466668,3.525456941889576,23.68759540231306,85.95686482472979,536859.3317632965,243.81216536972968,1
973.9708783340639,68.08579930466668,3.525456941889576,23.560010797689372,85.96826849683472,1369059.2067878507,37.530834353158525,1
973.9708783340639,68.08579930466668,3.525456941889576,23.690239871036464,85.91814019344531,182333.86748977544,429.27345513222934,1
973.9708783340639,68.08579930466668,3.525456941889576,23.65223007024516,85.71462943867971,780464.9956165582,299.153509053066,1
973.9708783340639,68.08579930466668,3.525456941889576,23.719052537045805,86.06470798008066,588991.208010377,283.81805386930466,1
973.9708783340639,68.08579930466668,3.525456941889576,23.57160036808221,85.93845623491005,354503.53811962524,142.1934644702652,1
973.9708783340639,68.08579930466668,3.525456941889576,23.62257331883962,85.90587136075268,23268.650516804904,63.13552213258766,1
973.9708783340639,68.08579930466668,3.525456941889576,23.648461242839474,85.9296035371305,24402.504363130818,146.66851936820788,1
973.9708783340639,68.08579930466668,3.525456941889576,23.622384412579464,86.09355420141253,240263.03184438637,214.47662796045674,1
973.9708783340639,68.08579930466668,3.525456941889576,23.574989807191027,86.06758679233434,589113.6706070498,242.19258872049616,1
973.9708783340639,68.08579930466668,3.525456941889576,23.587107398882182,86.01153974240509,597010.0920419715,154.80174597360252,1
973.9708783340639,68.08579930466668,3.525456941889576,23.785729004990483,86.0019755248991,1919853.3228810197,540.736307602488,1
973.9708783340639,68.08579930466668,3.525456941889576,23.724823283853524,85.73658164771012,713542.4144550404,461.7832144532773,1
973.9708783340639,68.08579930466668,3.525456941889576,23.488377987590123,85.99433962770367,146174.13407692173,88.06226060743266,1
973.9708783340639,68.08579930466668,3.525456941889576,23.724674533165523,85.89989820018158,647205.5787875315,192.4407199273674,1
973.9708783340639,68.08579930466668,3.525456941889576,23.78265431158227,85.9731173777924,53304.301126498416,241.62503286583177,1
973.9708783340639,68.08579930466668,3.525456941889576,23.76225631322548,85.83261676733024,268349.2362998014,308.90575646838505,1
973.9708783340639,68.08579930466668,3.525456941889576,23.571606711066927,85.91951677766733,372243.6248322109,120.95122951181234,1
973.9708783340639,68.08579930466668,3.525456941889576,23.787947673919028,85.91166782870467,1052602.442326754,523.3666660938202,1
973.9708783340639,68.08579930466668,3.525456941889576,23.590468187810327,85.8145769489242,1235909.0408011249,198.54902252289438,1
973.9708783340639,68.08579930466668,3.525456941889576,23.57585643159672,85.89971566378135,377339.8892482216,188.99222058912312,1
973.9708783340639,68.08579930466668,3.525456941889576,23.48825902613909,85.99077078417268,146980.09790766978,90.56045107912404,1
973.9708783340639,68.08579930466668,3.525456941889576,23.685042485265324,85.76536531245732,755402.8031565468,288.8572168982057,1
973.9708783340639,68.08579930466668,3.525456941889576,23.670506500908175,85.73644324301944,836312.4616622236,372.8487939845867,1
973.9708783340639,68.08579930466668,3.525456941889576,23.783284447958092,85.92904740799302,46190.12370797191,180.02755836647407,1
973.9708783340639,68.08579930466668,3.525456941889576,23.549853512552257,85.9512067383329,2566251.7461211868,353.08935420372177,1
973.9708783340639,68.08579930466668,3.525456941889576,23.55746420194992,86.01683719584926,596368.6493281254,153.90005177033976,1
973.9708783340639,68.08579930466668,3.525456941889576,23.805925330887874,85.78966441604001,98359.70951536477,155.6365544310121,1
973.9708783340639,68.08579930466668,3.525456941889576,23.533171383183983,86.01010859563522,460410.68058126315,281.16324762681194,1
973.9708783340639,68.08579930466668,3.525456941889576,23.503998025086815,85.97877254259365,150495.52878144514,124.34883201912714,1
973.9708783340639,68.08579930466668,3.525456941889576,23.72352113726379,85.93690821808732,267933.9694487997,173.81930419177348,1
973.9708783340639,68.08579930466668,3.525456941889576,23.707102584595933,85.93725618593521,77582.79567051808,216.47511848183618,1
973.9708783340639,68.08579930466668,3.525456941889576,23.60836165485998,85.93548015146301,225666.3339411397,363.24813407007514,1
973.9708783340639,68.08579930466668,3.525456941889576,23.554707178599863,85.94035911939388,1418514.8343364177,11.027566291618825,1
973.9708783340639,68.08579930466668,3.525456941889576,23.548228065502354,85.95520783876344,3021104.97030004,491.5024222226589,1
973.9708783340639,68.08579930466668,3.525456941889576,23.58380507695239,86.04382062760453,388306.86200487864,258.6895862272591,1
973.9708783340639,68.08579930466668,3.525456941889576,23.541564210182877,85.97161117493445,4885869.545498325,1058.9553328889228,1
973.9708783340639,68.08579930466668,3.525456941889576,23.667368613059676,86.07429935289174,266950.1089173871,238.04280037316846,1
973.9708783340639,68.08579930466668,3.525456941889576,23.80731573022937,85.98177971698597,1123167.8451347894,541.8449874516631,1
973.9708783340639,68.08579930466668,3.525456941889576,23.573047842687828,85.96342407168918,448913.6230414118,389.84632732145246,1
973.9708783340639,68.08579930466668,3.525456941889576,23.550040344600387,85.95074684406059,2513970.03108456,337.1798867209411,1
973.9708783340639,68.08579930466668,3.525456941889576,23.73785897592703,85.98394194733649,599860.4928634465,152.60741438520262,1
973.9708783340639,68.08579930466668,3.525456941889576,23.680217656194255,85.91131618641255,200603.2150332713,409.03248890253377,1
973.9708783340639,68.08579930466668,3.525456941889576,23.74718746767915,85.9755262101413,712966.3317389678,307.85498778928826,1
973.9708783340639,68.08579930466668,3.525456941889576,23.588716929819086,86.00567603390664,158692.72382448165,123.38793705606697,1
973.9708783340639,68.08579930466668,3.525456941889576,23.690166275005872,86.12456229437808,580589.1883033629,371.7035576341343,1
973.9708783340639,68.08579930466668,3.525456941889576,23.60985067226267,85.97606867782018,1103490.495740819,326.91953692786734,1
973.9708783340639,68.08579930466668,3.525456941889576,23.6806658359352,85.8629714670017,640221.5428742071,417.9313414628109,1
973.9708783340639,68.08579930466668,3.525456941889576,23.685486491300175,85.72151105835526,735634.365846951,367.2727388380829,1
973.9708783340639,68.08579930466668,3.525456941889576,23.682525421849956,85.92971186722507,172014.50596129126,436.5593238083748,1
973.9708783340639,68.08579930466668,3.525456941889576,23.59,85.92555458425927,15072.164289076696,118.25077685190232,1
973.9708783340639,68.08579930466668,3.525456941889576,23.710341323960513,85.90928192843407,193640.992734227,411.7417763587668,1
973.9708783340639,68.08579930466668,3.525456941889576,23.654419036757282,85.91999182834711,209601.68217034082,392.5944305002146,1
973.9708783340639,68.08579930466668,3.525456941889576,23.49557968068145,85.98673646230776,152014.11932128662,103.04590035176837,1
973.9708783340639,68.08579930466668,3.525456941889576,23.789174504859773,85.96511927403867,53607.44664594701,233.1053136498976,1
973.9708783340639,68.08579930466668,3.525456941889576,23.793075133550726,85.92400978095077,763855.3657505993,358.46591577140487,1
973.9708783340639,68.08579930466668,3.525456941889576,23.5746504262133,85.90205229921173,372549.7866159526,175.80153670797333,1
973.9708783340639,68.08579930466668,3.525456941889576,23.604365930207624,85.91768155878425,18825.063507428546,96.5977498886887,1
973.9708783340639,68.08579930466668,3.525456941889576,23.58132968406872,85.88911123711685,399078.96391045046,248.85591950163382,1
973.9708783340639,68.08579930466668,3.525456941889576,23.6428797576191,86.08555557315435,66604.39804819018,117.71946084277627,1
973.9708783340639,68.08579930466668,3.525456941889576,23.646537975994484,85.91417239238358,246457.16137234034,369.5396704267003,1
973.9708783340639,68.08579930466668,3.525456941889576,23.736629270650813,85.94421764355415,174386.6489219511,391.98887427479553,1
973.9708783340639,68.08579930466668,3.525456941889576,23.625885194520936,86.00736020024969,249879.21078621247,294.6110983805403,1
973.9708783340639,68.08579930466668,3.525456941889576,23.542287254591187,85.96580969326214,532630.271284132,4.906641115469378,1
973.9708783340639,68.08579930466668,3.525456941889576,23.65581537203402,86.0939524322294,260617.18023929067,219.48804075625586,1
973.9708783340639,68.08579930466668,3.525456941889576,23.602532759674766,86.02673704173519,85050.79362763812,175.8707230342846,1
973.9708783340639,68.08579930466668,3.525456941889576,23.71121024101106,85.90339721811797,36891.16207511435,99.88564733136727,1
973.9708783340639,68.08579930466668,3.525456941889576,23.60062574585509,86.07600156541015,77863.89421255211,115.48195207787468,1
973.9708783340639,68.08579930466668,3.525456941889576,23.559460590134172,85.96577243329162,1372434.1396723539,34.09539205727992,1
973.9708783340639,68.08579930466668,3.525456941889576,23.51993735411726,86.00263674837451,139566.0126741331,69.36117190966192,1
973.9708783340639,68.08579930466668,3.525456941889576,23.62479967760401,85.90442723614876,23812.002399032513,59.043835754793925,1
973.9708783340639,68.08579930466668,3.525456941889576,23.749505797874917,85.92341763297915,41469.47693349111,153.0046382999355,1
973.9708783340639,68.08579930466668,3.525456941889576,23.69913627669653,86.02678351702045,555591.0654202835,314.88373788191734,1
973.9708783340639,68.08579930466668,3.525456941889576,23.789058715875772,85.76322188414038,686530.4211591191,620.1982551997121,1
973.9708783340639,68.08579930466668,3.525456941889576,23.67697894312127,86.08135906951844,271424.90891432494,236.53010622321287,1
973.9708783340639,68.08579930466668,3.525456941889576,23.657319005297754,85.94199041964,166518.79486672516,393.22811939106276,1
973.9708783340639,68.08579930466668,3.525456941889576,23.613706279549625,85.9794365570388,175201.39826810017,285.7617471778367,1
973.9708783340639,68.08579930466668,3.525456941889576,23.535923121204288,85.97454939271277,541328.3704771921,27.56030490941314,1
973.9708783340639,68.08579930466668,3.525456941889576,23.575580081865365,85.94617319229219,441443.99226252036,368.48055926097516,1
973.9708783340639,68.08579930466668,3.525456941889576,23.86416237875371,85.77274458602156,94519.96931115838,84.21765937711587,1
973.9708783340639,68.08579930466668,3.525456941889576,23.636732181543156,85.9744873704789,321607.12341295107,212.95623686446908,1
973.9708783340639,68.08579930466668,3.525456941889576,23.776160207778442,85.77570846378704,266125.4332237769,116.22290345900024,1
973.9708783340639,68.08579930466668,3.525456941889576,23.732758489014156,86.03525041167106,593114.4493219309,240.2454005967814,1
973.9708783340639,68.08579930466668,3.525456941889576,23.617734397099113,85.90024536129974,20590.921547740913,43.23018009887539,1
973.9708783340639,68.08579930466668,3.525456941889576,23.575287831183662,85.9481641500613,442306.0769765448,370.946424387854,1
973.9708783340639,68.08579930466668,3.525456941889576,23.610887727474292,86.11931238993179,1616630.2716556014,293.75470722386035,1
973.9708783340639,68.08579930466668,3.525456941889576,23.59,85.91191785142081,12743.399941203674,73.44436895406098,1
973.9708783340639,68.08579930466668,3.525456941889576,23.49436612696827,86.01644333754295,585742.2516180538,58.25280205418992,1
973.9708783340639,68.08579930466668,3.525456941889576,23.556385647397846,86.01671123463274,178319.9795136929,159.56975673602457,1
973.9708783340639,68.08579930466668,3.525456941889576,23.59,85.89668482415802,10142.034114071384,23.39299366207282,1
973.9708783340639,68.08579930466668,3.525456941889576,23.5905058626986,85.89215039161309,9547.175176158747,8.642582346868872,1
973.9708783340639,68.08579930466668,3.525456941889576,23.488924640939647,86.01073922818944,142470.55763388792,76.58254026740171,1
973.9708783340639,68.08579930466668,3.525456941889576,23.71035830510739,85.97472829340465,40994.05499411568,221.9151587951544,1
973.9708783340639,68.08579930466668,3.525456941889576,23.591128831080688,85.9557483399735,160083.98053535077,278.7464260600764,1
973.9708783340639,68.08579930466668,3.525456941889576,23.66824723323357,85.73374669773038,829408.7955650421,363.7388436837465,1
973.9708783340639,68.08579930466668,3.525456941889576,23.553764634418126,85.98246493300391,4940956.230986936,1052.294423922315,1
973.9708783340639,68.08579930466668,3.525456941889576,23.735746579422322,85.93684338324607,278337.72094276047,370.3228597799906,1
973.9708783340639,68.08579930466668,3.525456941889576,23.597343081829944,85.98705165538011,183449.90955570695,232.93470138539135,1
973.9708783340639,68.08579930466668,3.525456941889576,23.782157001277934,85.9183322090795,65258.15481151863,188.8910166243488,1
973.9708783340639,68.08579930466668,3.525456941889576,23.613514676914512,85.93883042646065,1090920.5669656417,344.417028530534,1
973.9708783340639,68.08579930466668,3.525456941889576,23.565338025761015,86.08260623140158,400962.0860478507,272.98845769572176,1
973.9708783340639,68.08579930466668,3.525456941889576,23.695309184086884,85.91053622386968,189114.9185802199,424.4857705846109,1
973.9708783340639,68.08579930466668,3.525456941889576,23.772713939012206,85.79413270443509,266868.8547934322,185.92407721646873,1
973.9708783340639,68.08579930466668,3.525456941889576,23.72853636135766,85.97940703040074,704243.1166361012,296.32837239184414,1
973.9708783340639,68.08579930466668,3.525456941889576,23.60941672433791,85.9351253493377,225298.32944199647,363.92039072858006,1
973.9708783340639,68.08579930466668,3.525456941889576,23.801192027985373,85.78886874917409,680863.2773040893,604.8057729014865,1
973.9708783340639,68.08579930466668,3.525456941889576,23.598991032109627,85.89467300954611,12988.714023491364,19.42104078790525,1
973.9708783340639,68.08579930466668,3.525456941889576,23.750248282576703,85.87341101584965,269525.5503313144,397.6993252009541,1
973.9708783340639,68.08579930466668,3.525456941889576,23.580701240287596,85.91128530054077,426337.53513414843,325.2707850734165,1
973.9708783340639,68.08579930466668,3.525456941889576,23.799399325356546,85.76934820943794,673519.7697688623,633.5886095532428,1
973.9708783340639,68.08579930466668,3.525456941889576,23.750532095872693,85.91984220605154,102475.7129674564,127.03579222141092,1
973.9708783340639,68.08579930466668,3.525456941889576,23.522334748775233,86.01538105348395,159813.61523331693,116.43033062064424,1
973.9708783340639,68.08579930466668,3.525456941889576,23.693360799139125,86.09650178182056,573309.4054981844,356.1371490062501,1
973.9708783340639,68.08579930466668,3.525456941889576,23.68507998063176,86.07145780145007,276172.7919819294,257.0077288191655,1
973.9708783340639,68.08579930466668,3.525456941889576,23.534268443966294,85.97428239882807,541517.6855278495,13.83324162242932,1
973.9708783340639,68.08579930466668,3.525456941889576,23.58455881944479,85.91395360030818,2073707.5118420403,518.4719506125875,1
973.9708783340639,68.08579930466668,3.525456941889576,23.900127891262095,85.70397038772096,104654.01813301572,88.67387664951531,1
973.9708783340639,68.08579930466668,3.525456941889576,23.61062554766426,85.94682910049485,1346490.2868004933,118.03928502071813,1
973.9708783340639,68.08579930466668,3.525456941889576,23.548669426662787,85.9541214112916,2897597.688495279,453.9188218686369,1
973.9708783340639,68.08579930466668,3.525456941889576,23.629827726806067,85.99972179271371,595314.6835605474,112.95549523218943,1
973.9708783340639,68.08579930466668,3.525456941889576,23.69143035598403,85.91635446602396,183926.33952130232,428.1491082373063,1
973.9708783340639,68.08579930466668,3.525456941889576,23.570291990416333,85.91622997604084,361078.7979472456,117.44530777689104,1
973.9708783340639,68.08579930466668,3.525456941889576,23.597013880524788,86.02206282152714,548699.0171955433,136.43629791953032,1
973.9708783340639,68.08579930466668,3.525456941889576,23.59,85.89882343663682,10507.248022236774,30.419863235273382,1
973.9708783340639,68.08579930466668,3.525456941889576,23.86691380701622,85.8853290089538,108974.62824420928,25.50278215481356,1
973.9708783340639,68.08579930466668,3.525456941889576,23.575123780606443,85.90113517507501,374429.8910962171,180.9788503829739,1
973.9708783340639,68.08579930466668,3.525456941889576,23.499102827730603,86.02659331620666,593895.2673611789,154.36401026382228,1
973.9708783340639,68.08579930466668,3.525456941889576,23.6638507233358,85.72849925043305,815974.3377235541,346.01098119273564,1
973.9708783340639,68.08579930466668,3.525456941889576,23.53356510251356,86.01618322160812,165828.432261941,130.3880559811386,1
973.9708783340639,68.08579930466668,3.525456941889576,23.59,85.91141854629898,12658.132892256883,71.80379498235595,1
973.9708783340639,68.08579930466668,3.525456941889576,23.57445398745369,85.92663496863423,396423.1704546616,128.54396654317873,1
973.9708783340639,68.08579930466668,3.525456941889576,23.671421981603682,86.00597882017922,307010.5904498946,263.637788725947,1
973.9708783340639,68.08579930466668,3.525456941889576,23.56848171817923,85.92787594290007,1663663.758865273,225.82429285734332,1
973.9708783340639,68.08579930466668,3.525456941889576,23.606683686554394,85.89696001492158,16108.81308437348,29.192791028556908,1
973.9708783340639,68.08579930466668,3.525456941889576,23.776761781960083,85.7792366423869,266295.8421457308,138.32144414943775,1
973.9708783340639,68.08579930466668,3.525456941889576,23.589902132427348,86.00594287776873,158809.90293498797,123.71022899340139,1
973.9708783340639,68.08579930466668,3.525456941889576,23.61787947767383,85.83732674934903,1116465.9537506213,206.82289902592942,1
973.9708783340639,68.08579930466668,3.525456941889576,23.58544664489046,86.0059570360072,4685810.65550695,916.514379040882,1
973.9708783340639,68.08579930466668,3.525456941889576,23.773911794391847,85.78972459663801,266699.28638589015,171.8372979518801,1
973.9708783340639,68.08579930466668,3.525456941889576,23.57283321912579,86.02643850627798,1290407.4119228092,117.59278283422015,1
973.9708783340639,68.08579930466668,3.525456941889576,23.58963189745457,86.0951056232095,269828.938550568,366.7866486638168,1
973.9708783340639,68.08579930466668,3.525456941889576,23.5509959306371,85.94839463227791,2246565.817699314,255.80806036385502,1
973.9708783340639,68.08579930466668,3.525456941889576,23.606360286529412,85.92772859575638,17861.004357998907,129.62359778518658,1
973.9708783340639,68.08579930466668,3.525456941889576,23.68373490222437,86.0840637569882,3735838.398551393,466.8646601245761,1
973.9708783340639,68.08579930466668,3.525456941889576,23.63302009513166,86.0720402842211,281560.8980033852,369.0436490693452,1
